MODEL,PERMUTATION,RANDOMIZED_AUROC,MODE
logistic,1,0.5034105534105535,fixed_configuration
random_forest,1,0.4717687074829932,fixed_configuration
mlp,1,0.47703621989336276,fixed_configuration
rbf_matched,1,0.49618496047067473,fixed_configuration
quantum_angle_product,1,0.5087240301526016,fixed_configuration
quantum_iqp_zz_linear,1,0.5056719985291414,fixed_configuration
logistic,2,0.5051342158485016,fixed_configuration
random_forest,2,0.4959827174112888,fixed_configuration
mlp,2,0.4873092480235338,fixed_configuration
rbf_matched,2,0.47268339768339773,fixed_configuration
quantum_angle_product,2,0.467618128332414,fixed_configuration
quantum_iqp_zz_linear,2,0.4672228350799779,fixed_configuration
logistic,3,0.4767696267696268,fixed_configuration
random_forest,3,0.46329288472145613,fixed_configuration
mlp,3,0.49979775694061407,fixed_configuration
rbf_matched,3,0.4439051296194154,fixed_configuration
quantum_angle_product,3,0.46221731936017657,fixed_configuration
quantum_iqp_zz_linear,3,0.46047986762272475,fixed_configuration
logistic,4,0.5079196543482257,fixed_configuration
random_forest,4,0.5281301709873139,fixed_configuration
mlp,4,0.5591698841698842,fixed_configuration
rbf_matched,4,0.5386697922412208,fixed_configuration
quantum_angle_product,4,0.5348271741128885,fixed_configuration
quantum_iqp_zz_linear,4,0.5357188821474537,fixed_configuration
logistic,5,0.5023671630814488,fixed_configuration
random_forest,5,0.49584942084942085,fixed_configuration
mlp,5,0.5045642581356867,fixed_configuration
rbf_matched,5,0.506917631917632,fixed_configuration
quantum_angle_product,5,0.5209091744806031,fixed_configuration
quantum_iqp_zz_linear,5,0.5218560397131826,fixed_configuration
logistic,6,0.5086045228902372,fixed_configuration
random_forest,6,0.47540908255193964,fixed_configuration
mlp,6,0.48909726052583197,fixed_configuration
rbf_matched,6,0.49481522338665196,fixed_configuration
quantum_angle_product,6,0.48467549181834896,fixed_configuration
quantum_iqp_zz_linear,6,0.484142305570877,fixed_configuration
logistic,7,0.5003861003861003,fixed_configuration
random_forest,7,0.43333333333333335,fixed_configuration
mlp,7,0.4613623827909542,fixed_configuration
rbf_matched,7,0.47458172458172454,fixed_configuration
quantum_angle_product,7,0.47735797021511317,fixed_configuration
quantum_iqp_zz_linear,7,0.4788839860268431,fixed_configuration
logistic,8,0.47443004228718516,fixed_configuration
random_forest,8,0.44358797573083286,fixed_configuration
mlp,8,0.5147039897039898,fixed_configuration
rbf_matched,8,0.4600799779371208,fixed_configuration
quantum_angle_product,8,0.4788518109946681,fixed_configuration
quantum_iqp_zz_linear,8,0.4769580805295091,fixed_configuration
logistic,9,0.48494668137525276,fixed_configuration
random_forest,9,0.5210378746093032,fixed_configuration
mlp,9,0.49096800882515174,fixed_configuration
rbf_matched,9,0.5134537598823313,fixed_configuration
quantum_angle_product,9,0.5104476925905497,fixed_configuration
quantum_iqp_zz_linear,9,0.5102178709321566,fixed_configuration
logistic,10,0.5406416620702335,fixed_configuration
random_forest,10,0.5271741128883987,fixed_configuration
mlp,10,0.51721823864681,fixed_configuration
rbf_matched,10,0.5323405037690753,fixed_configuration
quantum_angle_product,10,0.5413862842434272,fixed_configuration
quantum_iqp_zz_linear,10,0.5394006251149108,fixed_configuration
logistic,11,0.5197968376539805,fixed_configuration
random_forest,11,0.48142581356867076,fixed_configuration
mlp,11,0.551264019121162,fixed_configuration
rbf_matched,11,0.5096111417539988,fixed_configuration
quantum_angle_product,11,0.5105947784519214,fixed_configuration
quantum_iqp_zz_linear,11,0.5089676411104983,fixed_configuration
logistic,12,0.5092480235337378,fixed_configuration
random_forest,12,0.5201415701415701,fixed_configuration
mlp,12,0.5096295274866703,fixed_configuration
rbf_matched,12,0.4621437764294907,fixed_configuration
quantum_angle_product,12,0.4738830667402096,fixed_configuration
quantum_iqp_zz_linear,12,0.47269718698290125,fixed_configuration
logistic,13,0.5232901268615554,fixed_configuration
random_forest,13,0.4806168413311271,fixed_configuration
mlp,13,0.47222375436661146,fixed_configuration
rbf_matched,13,0.5202289023717596,fixed_configuration
quantum_angle_product,13,0.520945945945946,fixed_configuration
quantum_iqp_zz_linear,13,0.5215342893914322,fixed_configuration
logistic,14,0.4898970398970399,fixed_configuration
random_forest,14,0.5020775877918735,fixed_configuration
mlp,14,0.4500827357970215,fixed_configuration
rbf_matched,14,0.49700312557455417,fixed_configuration
quantum_angle_product,14,0.4995127780842067,fixed_configuration
quantum_iqp_zz_linear,14,0.5024453024453025,fixed_configuration
logistic,15,0.5427790034932892,fixed_configuration
random_forest,15,0.5471226328369185,fixed_configuration
mlp,15,0.4637571244714102,fixed_configuration
rbf_matched,15,0.5120932156646443,fixed_configuration
quantum_angle_product,15,0.5082046332046333,fixed_configuration
quantum_iqp_zz_linear,15,0.5046929582643869,fixed_configuration
logistic,16,0.5078782864497151,fixed_configuration
random_forest,16,0.475432064717779,fixed_configuration
mlp,16,0.4551755837470123,fixed_configuration
rbf_matched,16,0.501829380400809,fixed_configuration
quantum_angle_product,16,0.5169608383894098,fixed_configuration
quantum_iqp_zz_linear,16,0.5158393086964516,fixed_configuration
logistic,17,0.4882882882882883,fixed_configuration
random_forest,17,0.4825013789299504,fixed_configuration
mlp,17,0.5034932892075749,fixed_configuration
rbf_matched,17,0.4795734510020224,fixed_configuration
quantum_angle_product,17,0.47820371391799965,fixed_configuration
quantum_iqp_zz_linear,17,0.4780750137892995,fixed_configuration
logistic,18,0.5061959919102776,fixed_configuration
random_forest,18,0.5075565361279647,fixed_configuration
mlp,18,0.4465526751241037,fixed_configuration
rbf_matched,18,0.5127413127413127,fixed_configuration
quantum_angle_product,18,0.5172090457804743,fixed_configuration
quantum_iqp_zz_linear,18,0.5150211435925722,fixed_configuration
logistic,19,0.5493794815223386,fixed_configuration
random_forest,19,0.5228258871116014,fixed_configuration
mlp,19,0.5414184592756022,fixed_configuration
rbf_matched,19,0.5436339400625114,fixed_configuration
quantum_angle_product,19,0.540986394557823,fixed_configuration
quantum_iqp_zz_linear,19,0.5406738371024086,fixed_configuration
logistic,20,0.4986854201139915,fixed_configuration
random_forest,20,0.489593675307961,fixed_configuration
mlp,20,0.49332597904026476,fixed_configuration
rbf_matched,20,0.4550928479499908,fixed_configuration
quantum_angle_product,20,0.4659863945578231,fixed_configuration
quantum_iqp_zz_linear,20,0.46429490715205,fixed_configuration
logistic,21,0.5114910829196543,fixed_configuration
random_forest,21,0.5306995771281485,fixed_configuration
mlp,21,0.49421768707482994,fixed_configuration
rbf_matched,21,0.5213642213642213,fixed_configuration
quantum_angle_product,21,0.5126493840779555,fixed_configuration
quantum_iqp_zz_linear,21,0.511867990439419,fixed_configuration
logistic,22,0.48301617944475084,fixed_configuration
random_forest,22,0.5236532450818165,fixed_configuration
mlp,22,0.49636422136422137,fixed_configuration
rbf_matched,22,0.495711527854385,fixed_configuration
quantum_angle_product,22,0.48510296010296006,fixed_configuration
quantum_iqp_zz_linear,22,0.4836964515535944,fixed_configuration
logistic,23,0.5316418459275603,fixed_configuration
random_forest,23,0.5116841331127044,fixed_configuration
mlp,23,0.5005791505791506,fixed_configuration
rbf_matched,23,0.5068119139547711,fixed_configuration
quantum_angle_product,23,0.5108291965434824,fixed_configuration
quantum_iqp_zz_linear,23,0.5092204449347307,fixed_configuration
logistic,24,0.5196083838940982,fixed_configuration
random_forest,24,0.4909128516271374,fixed_configuration
mlp,24,0.46796286082000366,fixed_configuration
rbf_matched,24,0.5393454679168965,fixed_configuration
quantum_angle_product,24,0.5361003861003861,fixed_configuration
quantum_iqp_zz_linear,24,0.5365508365508366,fixed_configuration
logistic,25,0.4850202243059386,fixed_configuration
random_forest,25,0.49560121345835634,fixed_configuration
mlp,25,0.4893224857510572,fixed_configuration
rbf_matched,25,0.5007216400073542,fixed_configuration
quantum_angle_product,25,0.5009054973340687,fixed_configuration
quantum_iqp_zz_linear,25,0.5043160507446222,fixed_configuration
logistic,26,0.5180318073175216,fixed_configuration
random_forest,26,0.505253723110866,fixed_configuration
mlp,26,0.4572209965067108,fixed_configuration
rbf_matched,26,0.503194521051664,fixed_configuration
quantum_angle_product,26,0.4911886376172091,fixed_configuration
quantum_iqp_zz_linear,26,0.49062787277072994,fixed_configuration
logistic,27,0.5319452105166391,fixed_configuration
random_forest,27,0.5070555249126678,fixed_configuration
mlp,27,0.5100294171722743,fixed_configuration
rbf_matched,27,0.5357694429123001,fixed_configuration
quantum_angle_product,27,0.5376631733774591,fixed_configuration
quantum_iqp_zz_linear,27,0.5358521787093217,fixed_configuration
logistic,28,0.4677973892259607,fixed_configuration
random_forest,28,0.4622632836918551,fixed_configuration
mlp,28,0.5296469939327082,fixed_configuration
rbf_matched,28,0.4757400257400257,fixed_configuration
quantum_angle_product,28,0.4709229637801067,fixed_configuration
quantum_iqp_zz_linear,28,0.4717227431513147,fixed_configuration
logistic,29,0.462134583563155,fixed_configuration
random_forest,29,0.4450588343445486,fixed_configuration
mlp,29,0.48920297848869276,fixed_configuration
rbf_matched,29,0.4308052950910093,fixed_configuration
quantum_angle_product,29,0.43701047986762276,fixed_configuration
quantum_iqp_zz_linear,29,0.4363210148924435,fixed_configuration
logistic,30,0.46492461849604705,fixed_configuration
random_forest,30,0.45784151498437214,fixed_configuration
mlp,30,0.5022108843537416,fixed_configuration
rbf_matched,30,0.44041643684500825,fixed_configuration
quantum_angle_product,30,0.4472651222651223,fixed_configuration
quantum_iqp_zz_linear,30,0.44708126493840783,fixed_configuration
logistic,31,0.4617209045780475,fixed_configuration
random_forest,31,0.48623827909542194,fixed_configuration
mlp,31,0.50857694429123,fixed_configuration
rbf_matched,31,0.48360911932340506,fixed_configuration
quantum_angle_product,31,0.4695532266960838,fixed_configuration
quantum_iqp_zz_linear,31,0.4700404486118772,fixed_configuration
logistic,32,0.5439097260525833,fixed_configuration
random_forest,32,0.539396028681743,fixed_configuration
mlp,32,0.5118817797389226,fixed_configuration
rbf_matched,32,0.5470996506710792,fixed_configuration
quantum_angle_product,32,0.5571566464423607,fixed_configuration
quantum_iqp_zz_linear,32,0.5586275050560765,fixed_configuration
logistic,33,0.5025326346754919,fixed_configuration
random_forest,33,0.5302491266776982,fixed_configuration
mlp,33,0.4824829931972789,fixed_configuration
rbf_matched,33,0.5194107372678801,fixed_configuration
quantum_angle_product,33,0.5198060305203163,fixed_configuration
quantum_iqp_zz_linear,33,0.5220398970398971,fixed_configuration
logistic,34,0.510774039345468,fixed_configuration
random_forest,34,0.5149889685603972,fixed_configuration
mlp,34,0.5012042654899798,fixed_configuration
rbf_matched,34,0.5018845375988233,fixed_configuration
quantum_angle_product,34,0.5079702151130723,fixed_configuration
quantum_iqp_zz_linear,34,0.508043758043758,fixed_configuration
logistic,35,0.4834620334620335,fixed_configuration
random_forest,35,0.4829426365140651,fixed_configuration
mlp,35,0.4896856039713182,fixed_configuration
rbf_matched,35,0.4638720353006068,fixed_configuration
quantum_angle_product,35,0.4803456517742232,fixed_configuration
quantum_iqp_zz_linear,35,0.479720536863394,fixed_configuration
logistic,36,0.47976650119507264,fixed_configuration
random_forest,36,0.5136789851075565,fixed_configuration
mlp,36,0.5111969111969112,fixed_configuration
rbf_matched,36,0.4818073175216032,fixed_configuration
quantum_angle_product,36,0.4798124655267512,fixed_configuration
quantum_iqp_zz_linear,36,0.4771741128883986,fixed_configuration
logistic,37,0.5467641110498254,fixed_configuration
random_forest,37,0.5182110682110683,fixed_configuration
mlp,37,0.5424986210700496,fixed_configuration
rbf_matched,37,0.531549917264203,fixed_configuration
quantum_angle_product,37,0.5512502298216584,fixed_configuration
quantum_iqp_zz_linear,37,0.5485291413862843,fixed_configuration
logistic,38,0.5331310902739474,fixed_configuration
random_forest,38,0.5049365692222835,fixed_configuration
mlp,38,0.46799043941901086,fixed_configuration
rbf_matched,38,0.5030704173561317,fixed_configuration
quantum_angle_product,38,0.49853833425261995,fixed_configuration
quantum_iqp_zz_linear,38,0.49800514800514795,fixed_configuration
logistic,39,0.5147867255010112,fixed_configuration
random_forest,39,0.4600156278727708,fixed_configuration
mlp,39,0.5143454679168965,fixed_configuration
rbf_matched,39,0.49510479867622725,fixed_configuration
quantum_angle_product,39,0.5019350983636699,fixed_configuration
quantum_iqp_zz_linear,39,0.49926916712631,fixed_configuration
logistic,40,0.44736164736164735,fixed_configuration
random_forest,40,0.48352638352638355,fixed_configuration
mlp,40,0.47997793712079423,fixed_configuration
rbf_matched,40,0.47753263467549184,fixed_configuration
quantum_angle_product,40,0.4516731016731017,fixed_configuration
quantum_iqp_zz_linear,40,0.45383342526199677,fixed_configuration
logistic,41,0.44273303916161055,fixed_configuration
random_forest,41,0.4651728258871116,fixed_configuration
mlp,41,0.5098685420113991,fixed_configuration
rbf_matched,41,0.48265765765765767,fixed_configuration
quantum_angle_product,41,0.46944750873322305,fixed_configuration
quantum_iqp_zz_linear,41,0.4733177054605627,fixed_configuration
logistic,42,0.5184592756021328,fixed_configuration
random_forest,42,0.49316050744622175,fixed_configuration
mlp,42,0.5062971134399705,fixed_configuration
rbf_matched,42,0.5013329656186798,fixed_configuration
quantum_angle_product,42,0.5045596617025189,fixed_configuration
quantum_iqp_zz_linear,42,0.5053594410737269,fixed_configuration
logistic,43,0.48939143224857506,fixed_configuration
random_forest,43,0.4830437580437581,fixed_configuration
mlp,43,0.5178617392903108,fixed_configuration
rbf_matched,43,0.48314947600661884,fixed_configuration
quantum_angle_product,43,0.48684500827357974,fixed_configuration
quantum_iqp_zz_linear,43,0.48763559477845186,fixed_configuration
logistic,44,0.4372586872586873,fixed_configuration
random_forest,44,0.47437488508917075,fixed_configuration
mlp,44,0.46866151866151873,fixed_configuration
rbf_matched,44,0.4734969663541092,fixed_configuration
quantum_angle_product,44,0.4713550284978856,fixed_configuration
quantum_iqp_zz_linear,44,0.47016914874057725,fixed_configuration
logistic,45,0.5037001287001288,fixed_configuration
random_forest,45,0.4930364037506895,fixed_configuration
mlp,45,0.4784749034749035,fixed_configuration
rbf_matched,45,0.4734923699209414,fixed_configuration
quantum_angle_product,45,0.4754412575841147,fixed_configuration
quantum_iqp_zz_linear,45,0.4730603052031624,fixed_configuration
logistic,46,0.5230603052031624,fixed_configuration
random_forest,46,0.47596984739841885,fixed_configuration
mlp,46,0.5086918551204265,fixed_configuration
rbf_matched,46,0.4985061592204449,fixed_configuration
quantum_angle_product,46,0.49456241956241964,fixed_configuration
quantum_iqp_zz_linear,46,0.49618955690384264,fixed_configuration
logistic,47,0.5225776797205369,fixed_configuration
random_forest,47,0.5011583011583012,fixed_configuration
mlp,47,0.532712814855672,fixed_configuration
rbf_matched,47,0.5103787460930318,fixed_configuration
quantum_angle_product,47,0.5147361647361648,fixed_configuration
quantum_iqp_zz_linear,47,0.5146902004044862,fixed_configuration
logistic,48,0.5621575657289943,fixed_configuration
random_forest,48,0.5316556352270638,fixed_configuration
mlp,48,0.5317843353557639,fixed_configuration
rbf_matched,48,0.5628654164368451,fixed_configuration
quantum_angle_product,48,0.5594180915609487,fixed_configuration
quantum_iqp_zz_linear,48,0.5611555432984004,fixed_configuration
logistic,49,0.5080345651774223,fixed_configuration
random_forest,49,0.49069222283507996,fixed_configuration
mlp,49,0.5353143960286817,fixed_configuration
rbf_matched,49,0.508972237543666,fixed_configuration
quantum_angle_product,49,0.5097904026475455,fixed_configuration
quantum_iqp_zz_linear,49,0.509110130538702,fixed_configuration
logistic,50,0.4936569222283508,fixed_configuration
random_forest,50,0.4630722559293988,fixed_configuration
mlp,50,0.5105074462217319,fixed_configuration
rbf_matched,50,0.47293620150763005,fixed_configuration
quantum_angle_product,50,0.47672366243794817,fixed_configuration
quantum_iqp_zz_linear,50,0.47713734142305575,fixed_configuration
logistic,51,0.46551296194153335,fixed_configuration
random_forest,51,0.4308788380216952,fixed_configuration
mlp,51,0.5049411656554514,fixed_configuration
rbf_matched,51,0.4703667953667953,fixed_configuration
quantum_angle_product,51,0.46551296194153335,fixed_configuration
quantum_iqp_zz_linear,51,0.4664322485751057,fixed_configuration
logistic,52,0.4881595881595881,fixed_configuration
random_forest,52,0.5006480970766685,fixed_configuration
mlp,52,0.4932248575105718,fixed_configuration
rbf_matched,52,0.512539069681927,fixed_configuration
quantum_angle_product,52,0.4832230189373046,fixed_configuration
quantum_iqp_zz_linear,52,0.48199117484831777,fixed_configuration
logistic,53,0.4919516455230741,fixed_configuration
random_forest,53,0.5160829196543482,fixed_configuration
mlp,53,0.48629803272660416,fixed_configuration
rbf_matched,53,0.5036082000367714,fixed_configuration
quantum_angle_product,53,0.5002619966905681,fixed_configuration
quantum_iqp_zz_linear,53,0.49910369553226697,fixed_configuration
logistic,54,0.4981798124655268,fixed_configuration
random_forest,54,0.47296378010663725,fixed_configuration
mlp,54,0.48393086964515536,fixed_configuration
rbf_matched,54,0.477661334804192,fixed_configuration
quantum_angle_product,54,0.4639731568302997,fixed_configuration
quantum_iqp_zz_linear,54,0.4633112704541277,fixed_configuration
logistic,55,0.5501884537598823,fixed_configuration
random_forest,55,0.4990807133664276,fixed_configuration
mlp,55,0.5100156278727708,fixed_configuration
rbf_matched,55,0.5378240485383343,fixed_configuration
quantum_angle_product,55,0.5385227063798492,fixed_configuration
quantum_iqp_zz_linear,55,0.5376953484096341,fixed_configuration
logistic,56,0.4967457253171539,fixed_configuration
random_forest,56,0.5177835999264571,fixed_configuration
mlp,56,0.5104339032910461,fixed_configuration
rbf_matched,56,0.5050928479499909,fixed_configuration
quantum_angle_product,56,0.5146350432064718,fixed_configuration
quantum_iqp_zz_linear,56,0.5137525280382423,fixed_configuration
logistic,57,0.5554421768707484,fixed_configuration
random_forest,57,0.5239428203713918,fixed_configuration
mlp,57,0.5265489979775695,fixed_configuration
rbf_matched,57,0.570711527854385,fixed_configuration
quantum_angle_product,57,0.5598271741128884,fixed_configuration
quantum_iqp_zz_linear,57,0.5603235888950174,fixed_configuration
logistic,58,0.5400533186247473,fixed_configuration
random_forest,58,0.5457666850523993,fixed_configuration
mlp,58,0.5158393086964516,fixed_configuration
rbf_matched,58,0.5325059753631183,fixed_configuration
quantum_angle_product,58,0.5352638352638353,fixed_configuration
quantum_iqp_zz_linear,58,0.5350156278727708,fixed_configuration
logistic,59,0.49180455966170256,fixed_configuration
random_forest,59,0.5225363118220261,fixed_configuration
mlp,59,0.5006940614083472,fixed_configuration
rbf_matched,59,0.5161748483177054,fixed_configuration
quantum_angle_product,59,0.5123873873873874,fixed_configuration
quantum_iqp_zz_linear,59,0.5150900900900901,fixed_configuration
logistic,60,0.5526797205368634,fixed_configuration
random_forest,60,0.48923055708769997,fixed_configuration
mlp,60,0.487070233498805,fixed_configuration
rbf_matched,60,0.5357924250781394,fixed_configuration
quantum_angle_product,60,0.5390834712263284,fixed_configuration
quantum_iqp_zz_linear,60,0.5375298768155912,fixed_configuration
logistic,61,0.4600110314396029,fixed_configuration
random_forest,61,0.5399154256297114,fixed_configuration
mlp,61,0.5393546607832322,fixed_configuration
rbf_matched,61,0.4667953667953668,fixed_configuration
quantum_angle_product,61,0.45601213458356316,fixed_configuration
quantum_iqp_zz_linear,61,0.4566740209597352,fixed_configuration
logistic,62,0.5575289575289575,fixed_configuration
random_forest,62,0.5109670895385182,fixed_configuration
mlp,62,0.44191027762456336,fixed_configuration
rbf_matched,62,0.5439878654164368,fixed_configuration
quantum_angle_product,62,0.5372586872586873,fixed_configuration
quantum_iqp_zz_linear,62,0.5380584666298953,fixed_configuration
logistic,63,0.5188867438867438,fixed_configuration
random_forest,63,0.4867209045780474,fixed_configuration
mlp,63,0.52932064717779,fixed_configuration
rbf_matched,63,0.4964837286265858,fixed_configuration
quantum_angle_product,63,0.5085999264570693,fixed_configuration
quantum_iqp_zz_linear,63,0.5061730097444384,fixed_configuration
logistic,64,0.4635043206471777,fixed_configuration
random_forest,64,0.5104798676227248,fixed_configuration
mlp,64,0.5025280382423241,fixed_configuration
rbf_matched,64,0.48232211803640374,fixed_configuration
quantum_angle_product,64,0.47608016179444756,fixed_configuration
quantum_iqp_zz_linear,64,0.4775418275418276,fixed_configuration
logistic,65,0.5480235337378194,fixed_configuration
random_forest,65,0.4985107556536128,fixed_configuration
mlp,65,0.5534978856407428,fixed_configuration
rbf_matched,65,0.5567199852914139,fixed_configuration
quantum_angle_product,65,0.5628883986026844,fixed_configuration
quantum_iqp_zz_linear,65,0.564193785622357,fixed_configuration
logistic,66,0.5504826254826256,fixed_configuration
random_forest,66,0.5339354660783233,fixed_configuration
mlp,66,0.5280244530244531,fixed_configuration
rbf_matched,66,0.5425675675675676,fixed_configuration
quantum_angle_product,66,0.5547756940614084,fixed_configuration
quantum_iqp_zz_linear,66,0.5527716492002206,fixed_configuration
logistic,67,0.46205644419930136,fixed_configuration
random_forest,67,0.5081678617392903,fixed_configuration
mlp,67,0.503690935833793,fixed_configuration
rbf_matched,67,0.4482487589630447,fixed_configuration
quantum_angle_product,67,0.43340227983085133,fixed_configuration
quantum_iqp_zz_linear,67,0.4346433167861739,fixed_configuration
logistic,68,0.43813200956058096,fixed_configuration
random_forest,68,0.46843629343629345,fixed_configuration
mlp,68,0.5092296378010663,fixed_configuration
rbf_matched,68,0.4425445854017283,fixed_configuration
quantum_angle_product,68,0.4488968560397132,fixed_configuration
quantum_iqp_zz_linear,68,0.4487221915793345,fixed_configuration
logistic,69,0.4356821106821107,fixed_configuration
random_forest,69,0.44036127964699395,fixed_configuration
mlp,69,0.5036173929031071,fixed_configuration
rbf_matched,69,0.4482211803640375,fixed_configuration
quantum_angle_product,69,0.4506205184776614,fixed_configuration
quantum_iqp_zz_linear,69,0.45282680639823497,fixed_configuration
logistic,70,0.5009422687994117,fixed_configuration
random_forest,70,0.47971594043022614,fixed_configuration
mlp,70,0.5117346938775511,fixed_configuration
rbf_matched,70,0.5114589078874794,fixed_configuration
quantum_angle_product,70,0.5099512778084208,fixed_configuration
quantum_iqp_zz_linear,70,0.5115140650854937,fixed_configuration
logistic,71,0.46709413495127783,fixed_configuration
random_forest,71,0.5164506343077772,fixed_configuration
mlp,71,0.4548768155911013,fixed_configuration
rbf_matched,71,0.49505883434454867,fixed_configuration
quantum_angle_product,71,0.5048952013237727,fixed_configuration
quantum_iqp_zz_linear,71,0.504325243610958,fixed_configuration
logistic,72,0.48126034197462775,fixed_configuration
random_forest,72,0.47484372127229274,fixed_configuration
mlp,72,0.4610636146350432,fixed_configuration
rbf_matched,72,0.4869783048354477,fixed_configuration
quantum_angle_product,72,0.48593031807317527,fixed_configuration
quantum_iqp_zz_linear,72,0.4858200036771465,fixed_configuration
logistic,73,0.5016271373414231,fixed_configuration
random_forest,73,0.5046423974995403,fixed_configuration
mlp,73,0.5145844824416252,fixed_configuration
rbf_matched,73,0.4970582827725685,fixed_configuration
quantum_angle_product,73,0.48983268983268985,fixed_configuration
quantum_iqp_zz_linear,73,0.48952013237727526,fixed_configuration
logistic,74,0.483443647729362,fixed_configuration
random_forest,74,0.5470398970398971,fixed_configuration
mlp,74,0.49382239382239385,fixed_configuration
rbf_matched,74,0.5048354476925905,fixed_configuration
quantum_angle_product,74,0.4974535760250047,fixed_configuration
quantum_iqp_zz_linear,74,0.49677330391616104,fixed_configuration
logistic,75,0.5066234601948887,fixed_configuration
random_forest,75,0.5184362934362934,fixed_configuration
mlp,75,0.5209919102776246,fixed_configuration
rbf_matched,75,0.47485291413862835,fixed_configuration
quantum_angle_product,75,0.4781715388858246,fixed_configuration
quantum_iqp_zz_linear,75,0.4765995587424159,fixed_configuration
logistic,76,0.46853741496598644,fixed_configuration
random_forest,76,0.48052031623460195,fixed_configuration
mlp,76,0.47308788380216954,fixed_configuration
rbf_matched,76,0.46770086412943557,fixed_configuration
quantum_angle_product,76,0.4580299687442545,fixed_configuration
quantum_iqp_zz_linear,76,0.45818624747196174,fixed_configuration
logistic,77,0.4989336275050561,fixed_configuration
random_forest,77,0.5021787093215665,fixed_configuration
mlp,77,0.4843997058282773,fixed_configuration
rbf_matched,77,0.5026659312373598,fixed_configuration
quantum_angle_product,77,0.5037966537966538,fixed_configuration
quantum_iqp_zz_linear,77,0.5061500275785991,fixed_configuration
logistic,78,0.5146810075381505,fixed_configuration
random_forest,78,0.5407795550652693,fixed_configuration
mlp,78,0.5040724397867254,fixed_configuration
rbf_matched,78,0.5139547710976282,fixed_configuration
quantum_angle_product,78,0.5178433535576392,fixed_configuration
quantum_iqp_zz_linear,78,0.5172090457804744,fixed_configuration
logistic,79,0.527330391616106,fixed_configuration
random_forest,79,0.49646074646074645,fixed_configuration
mlp,79,0.4792976650119507,fixed_configuration
rbf_matched,79,0.5156278727707299,fixed_configuration
quantum_angle_product,79,0.5234418091560948,fixed_configuration
quantum_iqp_zz_linear,79,0.5209321566464424,fixed_configuration
logistic,80,0.5034381320095607,fixed_configuration
random_forest,80,0.5547389225960655,fixed_configuration
mlp,80,0.49801893730465163,fixed_configuration
rbf_matched,80,0.5058650487221916,fixed_configuration
quantum_angle_product,80,0.5104522890237176,fixed_configuration
quantum_iqp_zz_linear,80,0.5083747012318441,fixed_configuration
logistic,81,0.5155175583747013,fixed_configuration
random_forest,81,0.4661380768523625,fixed_configuration
mlp,81,0.5350294171722744,fixed_configuration
rbf_matched,81,0.5206379849236993,fixed_configuration
quantum_angle_product,81,0.5244714101856959,fixed_configuration
quantum_iqp_zz_linear,81,0.523303916161059,fixed_configuration
logistic,82,0.4727109762824049,fixed_configuration
random_forest,82,0.5241772384629528,fixed_configuration
mlp,82,0.5034794999080713,fixed_configuration
rbf_matched,82,0.45928939143224856,fixed_configuration
quantum_angle_product,82,0.4660737267880125,fixed_configuration
quantum_iqp_zz_linear,82,0.4644557823129252,fixed_configuration
logistic,83,0.4991128883986027,fixed_configuration
random_forest,83,0.47838297481154624,fixed_configuration
mlp,83,0.5403612796469939,fixed_configuration
rbf_matched,83,0.504251700680272,fixed_configuration
quantum_angle_product,83,0.48997517926089357,fixed_configuration
quantum_iqp_zz_linear,83,0.4894236072807502,fixed_configuration
logistic,84,0.503759882331311,fixed_configuration
random_forest,84,0.5161794447508734,fixed_configuration
mlp,84,0.549531163816878,fixed_configuration
rbf_matched,84,0.507749586321015,fixed_configuration
quantum_angle_product,84,0.5112612612612613,fixed_configuration
quantum_iqp_zz_linear,84,0.5115830115830116,fixed_configuration
logistic,85,0.4855626034197463,fixed_configuration
random_forest,85,0.4637801066372495,fixed_configuration
mlp,85,0.517553778268064,fixed_configuration
rbf_matched,85,0.4971180364037507,fixed_configuration
quantum_angle_product,85,0.4817291781577495,fixed_configuration
quantum_iqp_zz_linear,85,0.48185787828644977,fixed_configuration
logistic,86,0.47283507997793717,fixed_configuration
random_forest,86,0.4211068211068211,fixed_configuration
mlp,86,0.5168045596617025,fixed_configuration
rbf_matched,86,0.44260893546607827,fixed_configuration
quantum_angle_product,86,0.4605258319544034,fixed_configuration
quantum_iqp_zz_linear,86,0.4582184225041368,fixed_configuration
logistic,87,0.4462401176686891,fixed_configuration
random_forest,87,0.4983958448244162,fixed_configuration
mlp,87,0.510240853097996,fixed_configuration
rbf_matched,87,0.46663908806765947,fixed_configuration
quantum_angle_product,87,0.44726052583195447,fixed_configuration
quantum_iqp_zz_linear,87,0.44738003309431884,fixed_configuration
logistic,88,0.5707482993197279,fixed_configuration
random_forest,88,0.5081264938407796,fixed_configuration
mlp,88,0.47810259238830666,fixed_configuration
rbf_matched,88,0.5673377459091744,fixed_configuration
quantum_angle_product,88,0.5708769994484281,fixed_configuration
quantum_iqp_zz_linear,88,0.5705092847949991,fixed_configuration
logistic,89,0.499567935282221,fixed_configuration
random_forest,89,0.542985842985843,fixed_configuration
mlp,89,0.5007813936385365,fixed_configuration
rbf_matched,89,0.48451002022430595,fixed_configuration
quantum_angle_product,89,0.4781117852546424,fixed_configuration
quantum_iqp_zz_linear,89,0.4764754550468836,fixed_configuration
logistic,90,0.5188086045228902,fixed_configuration
random_forest,90,0.5122954587240302,fixed_configuration
mlp,90,0.52280750137893,fixed_configuration
rbf_matched,90,0.5262548262548263,fixed_configuration
quantum_angle_product,90,0.5178893178893179,fixed_configuration
quantum_iqp_zz_linear,90,0.5180364037506895,fixed_configuration
logistic,91,0.5235245449531164,fixed_configuration
random_forest,91,0.48854568854568853,fixed_configuration
mlp,91,0.4827863577863578,fixed_configuration
rbf_matched,91,0.525565361279647,fixed_configuration
quantum_angle_product,91,0.5188453759882331,fixed_configuration
quantum_iqp_zz_linear,91,0.5203897775326347,fixed_configuration
logistic,92,0.4509376723662438,fixed_configuration
random_forest,92,0.49351443280014706,fixed_configuration
mlp,92,0.4971685971685972,fixed_configuration
rbf_matched,92,0.46955322669608385,fixed_configuration
quantum_angle_product,92,0.4834620334620334,fixed_configuration
quantum_iqp_zz_linear,92,0.48277256848685424,fixed_configuration
logistic,93,0.49510479867622725,fixed_configuration
random_forest,93,0.5141708034565178,fixed_configuration
mlp,93,0.5012088619231476,fixed_configuration
rbf_matched,93,0.48057087699944845,fixed_configuration
quantum_angle_product,93,0.48047894833609117,fixed_configuration
quantum_iqp_zz_linear,93,0.47955966170251885,fixed_configuration
logistic,94,0.49286173929031074,fixed_configuration
random_forest,94,0.5156692406692407,fixed_configuration
mlp,94,0.473970398970399,fixed_configuration
rbf_matched,94,0.4998299319727891,fixed_configuration
quantum_angle_product,94,0.48092020592020596,fixed_configuration
quantum_iqp_zz_linear,94,0.48110406324692034,fixed_configuration
logistic,95,0.45283599926457063,fixed_configuration
random_forest,95,0.46911656554513703,fixed_configuration
mlp,95,0.4980281301709873,fixed_configuration
rbf_matched,95,0.48303456517742227,fixed_configuration
quantum_angle_product,95,0.4754596433167862,fixed_configuration
quantum_iqp_zz_linear,95,0.4765168229453944,fixed_configuration
logistic,96,0.5023625666482809,fixed_configuration
random_forest,96,0.47378194521051664,fixed_configuration
mlp,96,0.5419102776245635,fixed_configuration
rbf_matched,96,0.5163173377459092,fixed_configuration
quantum_angle_product,96,0.523340687626402,fixed_configuration
quantum_iqp_zz_linear,96,0.5228994300422871,fixed_configuration
logistic,97,0.45653612796469933,fixed_configuration
random_forest,97,0.47030704173561316,fixed_configuration
mlp,97,0.5138444567015996,fixed_configuration
rbf_matched,97,0.47389225960654535,fixed_configuration
quantum_angle_product,97,0.4666298952013238,fixed_configuration
quantum_iqp_zz_linear,97,0.46774223202794635,fixed_configuration
logistic,98,0.4663541092112521,fixed_configuration
random_forest,98,0.48689556903842623,fixed_configuration
mlp,98,0.5090457804743519,fixed_configuration
rbf_matched,98,0.4604982533553963,fixed_configuration
quantum_angle_product,98,0.476594962309248,fixed_configuration
quantum_iqp_zz_linear,98,0.47676043390329104,fixed_configuration
logistic,99,0.5082551939694797,fixed_configuration
random_forest,99,0.5562005883434455,fixed_configuration
mlp,99,0.5017374517374518,fixed_configuration
rbf_matched,99,0.5089538518109946,fixed_configuration
quantum_angle_product,99,0.5160875160875161,fixed_configuration
quantum_iqp_zz_linear,99,0.5172825887111602,fixed_configuration
logistic,100,0.5238554881412024,fixed_configuration
random_forest,100,0.5293849972421402,fixed_configuration
mlp,100,0.5322347858062144,fixed_configuration
rbf_matched,100,0.5541092112520685,fixed_configuration
quantum_angle_product,100,0.54860268431697,fixed_configuration
quantum_iqp_zz_linear,100,0.549099099099099,fixed_configuration
logistic,101,0.4786863394006251,fixed_configuration
random_forest,101,0.4493610957896672,fixed_configuration
mlp,101,0.46714009928295647,fixed_configuration
rbf_matched,101,0.47739014524728807,fixed_configuration
quantum_angle_product,101,0.47056903842618125,fixed_configuration
quantum_iqp_zz_linear,101,0.46960378746093034,fixed_configuration
logistic,102,0.5509009009009009,fixed_configuration
random_forest,102,0.5387249494392352,fixed_configuration
mlp,102,0.49336275050560763,fixed_configuration
rbf_matched,102,0.5455046883618312,fixed_configuration
quantum_angle_product,102,0.5464055892627321,fixed_configuration
quantum_iqp_zz_linear,102,0.5469020040448612,fixed_configuration
logistic,103,0.4997471961757676,fixed_configuration
random_forest,103,0.5265903658760802,fixed_configuration
mlp,103,0.48547067475638905,fixed_configuration
rbf_matched,103,0.5183995219709505,fixed_configuration
quantum_angle_product,103,0.5141708034565178,fixed_configuration
quantum_iqp_zz_linear,103,0.5146580253723111,fixed_configuration
logistic,104,0.46509009009009006,fixed_configuration
random_forest,104,0.5608154072439786,fixed_configuration
mlp,104,0.4907106085677514,fixed_configuration
rbf_matched,104,0.4548952013237728,fixed_configuration
quantum_angle_product,104,0.4412070233498805,fixed_configuration
quantum_iqp_zz_linear,104,0.44160231660231664,fixed_configuration
logistic,105,0.4597536311822026,fixed_configuration
random_forest,105,0.47685236256664826,fixed_configuration
mlp,105,0.5133204633204633,fixed_configuration
rbf_matched,105,0.46941533370104804,fixed_configuration
quantum_angle_product,105,0.4710700496414782,fixed_configuration
quantum_iqp_zz_linear,105,0.47101489244346384,fixed_configuration
logistic,106,0.49869920941349516,fixed_configuration
random_forest,106,0.4535530428387571,fixed_configuration
mlp,106,0.5347720169148742,fixed_configuration
rbf_matched,106,0.47564350064350064,fixed_configuration
quantum_angle_product,106,0.49249402463688174,fixed_configuration
quantum_iqp_zz_linear,106,0.49003952932524364,fixed_configuration
logistic,107,0.5038426181283324,fixed_configuration
random_forest,107,0.5231016731016731,fixed_configuration
mlp,107,0.48316786173929027,fixed_configuration
rbf_matched,107,0.530952380952381,fixed_configuration
quantum_angle_product,107,0.5204173561316419,fixed_configuration
quantum_iqp_zz_linear,107,0.5221364221364222,fixed_configuration
logistic,108,0.4784565177422321,fixed_configuration
random_forest,108,0.49108751608751605,fixed_configuration
mlp,108,0.5038288288288288,fixed_configuration
rbf_matched,108,0.48329196543482256,fixed_configuration
quantum_angle_product,108,0.48473524544953117,fixed_configuration
quantum_iqp_zz_linear,108,0.48727247655819084,fixed_configuration
logistic,109,0.46505791505791505,fixed_configuration
random_forest,109,0.4849742599742599,fixed_configuration
mlp,109,0.5079242507813936,fixed_configuration
rbf_matched,109,0.4771741128883986,fixed_configuration
quantum_angle_product,109,0.4787185144328002,fixed_configuration
quantum_iqp_zz_linear,109,0.47804743519029236,fixed_configuration
logistic,110,0.54142305570877,fixed_configuration
random_forest,110,0.4882515168229454,fixed_configuration
mlp,110,0.5023717595146167,fixed_configuration
rbf_matched,110,0.5356499356499357,fixed_configuration
quantum_angle_product,110,0.5384905313476742,fixed_configuration
quantum_iqp_zz_linear,110,0.537865416436845,fixed_configuration
logistic,111,0.5270362198933628,fixed_configuration
random_forest,111,0.5092572164000736,fixed_configuration
mlp,111,0.5064074278359993,fixed_configuration
rbf_matched,111,0.5127780842066556,fixed_configuration
quantum_angle_product,111,0.5166115094686523,fixed_configuration
quantum_iqp_zz_linear,111,0.5157749586321014,fixed_configuration
logistic,112,0.4913127413127413,fixed_configuration
random_forest,112,0.49910829196543477,fixed_configuration
mlp,112,0.5198382055524913,fixed_configuration
rbf_matched,112,0.45827357970215116,fixed_configuration
quantum_angle_product,112,0.46673101673101675,fixed_configuration
quantum_iqp_zz_linear,112,0.466188637617209,fixed_configuration
logistic,113,0.5830575473432618,fixed_configuration
random_forest,113,0.49074278359992646,fixed_configuration
mlp,113,0.4270913770913771,fixed_configuration
rbf_matched,113,0.5544493473064902,fixed_configuration
quantum_angle_product,113,0.5547527118955691,fixed_configuration
quantum_iqp_zz_linear,113,0.5555800698657841,fixed_configuration
logistic,114,0.4907611693325979,fixed_configuration
random_forest,114,0.48038701967273395,fixed_configuration
mlp,114,0.5189648832505975,fixed_configuration
rbf_matched,114,0.4644419930134216,fixed_configuration
quantum_angle_product,114,0.4612888398602685,fixed_configuration
quantum_iqp_zz_linear,114,0.46043390329104605,fixed_configuration
logistic,115,0.5366795366795367,fixed_configuration
random_forest,115,0.5430547894833608,fixed_configuration
mlp,115,0.46979224122081265,fixed_configuration
rbf_matched,115,0.524931053502482,fixed_configuration
quantum_angle_product,115,0.5265030336458908,fixed_configuration
quantum_iqp_zz_linear,115,0.5279187350615921,fixed_configuration
logistic,116,0.5321612428755286,fixed_configuration
random_forest,116,0.5221961757676044,fixed_configuration
mlp,116,0.559376723662438,fixed_configuration
rbf_matched,116,0.5131228166942452,fixed_configuration
quantum_angle_product,116,0.5255607648464791,fixed_configuration
quantum_iqp_zz_linear,116,0.5252482073910645,fixed_configuration
logistic,117,0.4746138996138996,fixed_configuration
random_forest,117,0.5064028314028314,fixed_configuration
mlp,117,0.43785162713734144,fixed_configuration
rbf_matched,117,0.4809293987865416,fixed_configuration
quantum_angle_product,117,0.4857280750137893,fixed_configuration
quantum_iqp_zz_linear,117,0.48640834712263287,fixed_configuration
logistic,118,0.4867392903107189,fixed_configuration
random_forest,118,0.5121759514616657,fixed_configuration
mlp,118,0.4804697554697555,fixed_configuration
rbf_matched,118,0.4880538701967274,fixed_configuration
quantum_angle_product,118,0.4783737819452105,fixed_configuration
quantum_iqp_zz_linear,118,0.47763835263835264,fixed_configuration
logistic,119,0.5035346571060857,fixed_configuration
random_forest,119,0.47463228534657104,fixed_configuration
mlp,119,0.4845375988233131,fixed_configuration
rbf_matched,119,0.5049687442544585,fixed_configuration
quantum_angle_product,119,0.5132423239566096,fixed_configuration
quantum_iqp_zz_linear,119,0.5132974811546239,fixed_configuration
logistic,120,0.510838389409818,fixed_configuration
random_forest,120,0.523138444567016,fixed_configuration
mlp,120,0.5312373598087884,fixed_configuration
rbf_matched,120,0.5340687626401912,fixed_configuration
quantum_angle_product,120,0.5344088986946129,fixed_configuration
quantum_iqp_zz_linear,120,0.5336826622540908,fixed_configuration
logistic,121,0.4704357418643133,fixed_configuration
random_forest,121,0.529619415333701,fixed_configuration
mlp,121,0.5520316234601949,fixed_configuration
rbf_matched,121,0.46649200220628795,fixed_configuration
quantum_angle_product,121,0.4651130722559294,fixed_configuration
quantum_iqp_zz_linear,121,0.46234601948887666,fixed_configuration
logistic,122,0.47911380768523626,fixed_configuration
random_forest,122,0.50997425997426,fixed_configuration
mlp,122,0.4916344916344916,fixed_configuration
rbf_matched,122,0.4894190108475823,fixed_configuration
quantum_angle_product,122,0.4568211068211068,fixed_configuration
quantum_iqp_zz_linear,122,0.4582092296378011,fixed_configuration
logistic,123,0.4261353189924618,fixed_configuration
random_forest,123,0.47123552123552126,fixed_configuration
mlp,123,0.5259054973340688,fixed_configuration
rbf_matched,123,0.4561040632469204,fixed_configuration
quantum_angle_product,123,0.45676594962309247,fixed_configuration
quantum_iqp_zz_linear,123,0.45543298400441257,fixed_configuration
logistic,124,0.5039069681926824,fixed_configuration
random_forest,124,0.5070785070785071,fixed_configuration
mlp,124,0.4751608751608752,fixed_configuration
rbf_matched,124,0.5337470123184409,fixed_configuration
quantum_angle_product,124,0.5377275234418091,fixed_configuration
quantum_iqp_zz_linear,124,0.536072807501379,fixed_configuration
logistic,125,0.5387663173377458,fixed_configuration
random_forest,125,0.5387203530060674,fixed_configuration
mlp,125,0.5298676227247656,fixed_configuration
rbf_matched,125,0.5359900717043574,fixed_configuration
quantum_angle_product,125,0.5441349512778084,fixed_configuration
quantum_iqp_zz_linear,125,0.5451645523074093,fixed_configuration
logistic,126,0.5134445670159956,fixed_configuration
random_forest,126,0.5512732119874977,fixed_configuration
mlp,126,0.5250827357970216,fixed_configuration
rbf_matched,126,0.5306903842618128,fixed_configuration
quantum_angle_product,126,0.5294585401728259,fixed_configuration
quantum_iqp_zz_linear,126,0.5301663908806766,fixed_configuration
logistic,127,0.46345835631549925,fixed_configuration
random_forest,127,0.48840319911748487,fixed_configuration
mlp,127,0.5027762456333885,fixed_configuration
rbf_matched,127,0.44002574002574,fixed_configuration
quantum_angle_product,127,0.4511491082919655,fixed_configuration
quantum_iqp_zz_linear,127,0.4500735429306858,fixed_configuration
logistic,128,0.49715021143592575,fixed_configuration
random_forest,128,0.49387755102040815,fixed_configuration
mlp,128,0.5288288288288288,fixed_configuration
rbf_matched,128,0.5148924434638721,fixed_configuration
quantum_angle_product,128,0.501765030336459,fixed_configuration
quantum_iqp_zz_linear,128,0.502031623460195,fixed_configuration
logistic,129,0.4850707850707851,fixed_configuration
random_forest,129,0.5151498437212723,fixed_configuration
mlp,129,0.47729362015076304,fixed_configuration
rbf_matched,129,0.5109303180731752,fixed_configuration
quantum_angle_product,129,0.49699393270821846,fixed_configuration
quantum_iqp_zz_linear,129,0.4971777900349329,fixed_configuration
logistic,130,0.5252252252252252,fixed_configuration
random_forest,130,0.4790954219525648,fixed_configuration
mlp,130,0.5139225960654532,fixed_configuration
rbf_matched,130,0.5200680272108844,fixed_configuration
quantum_angle_product,130,0.5231844088986947,fixed_configuration
quantum_iqp_zz_linear,130,0.5216124287552859,fixed_configuration
logistic,131,0.5013881228166943,fixed_configuration
random_forest,131,0.5031531531531531,fixed_configuration
mlp,131,0.49087608016179446,fixed_configuration
rbf_matched,131,0.49050376907519766,fixed_configuration
quantum_angle_product,131,0.4837470123184409,fixed_configuration
quantum_iqp_zz_linear,131,0.487635594778452,fixed_configuration
logistic,132,0.47980327266041556,fixed_configuration
random_forest,132,0.4930961573818717,fixed_configuration
mlp,132,0.5242875528589814,fixed_configuration
rbf_matched,132,0.4803088803088803,fixed_configuration
quantum_angle_product,132,0.4809248023533738,fixed_configuration
quantum_iqp_zz_linear,132,0.4819544033829748,fixed_configuration
logistic,133,0.48923055708769986,fixed_configuration
random_forest,133,0.4657289943004229,fixed_configuration
mlp,133,0.5288334252619967,fixed_configuration
rbf_matched,133,0.4974857510571796,fixed_configuration
quantum_angle_product,133,0.49238371024085303,fixed_configuration
quantum_iqp_zz_linear,133,0.4926411104982533,fixed_configuration
logistic,134,0.5124057731200589,fixed_configuration
random_forest,134,0.4459689281117853,fixed_configuration
mlp,134,0.4734188269902556,fixed_configuration
rbf_matched,134,0.4458402279830851,fixed_configuration
quantum_angle_product,134,0.46715848501562784,fixed_configuration
quantum_iqp_zz_linear,134,0.4669470490899062,fixed_configuration
logistic,135,0.48622448979591837,fixed_configuration
random_forest,135,0.4433029968744254,fixed_configuration
mlp,135,0.5012686155543299,fixed_configuration
rbf_matched,135,0.4315637065637065,fixed_configuration
quantum_angle_product,135,0.44416712630998345,fixed_configuration
quantum_iqp_zz_linear,135,0.4430455966170252,fixed_configuration
logistic,136,0.5001470858613716,fixed_configuration
random_forest,136,0.48144879573451,fixed_configuration
mlp,136,0.4878378378378378,fixed_configuration
rbf_matched,136,0.49342710056995776,fixed_configuration
quantum_angle_product,136,0.47488508917080346,fixed_configuration
quantum_iqp_zz_linear,136,0.47554697554697556,fixed_configuration
logistic,137,0.5220353006067292,fixed_configuration
random_forest,137,0.5354155175583747,fixed_configuration
mlp,137,0.47954587240301527,fixed_configuration
rbf_matched,137,0.5170619599191028,fixed_configuration
quantum_angle_product,137,0.5157198014340871,fixed_configuration
quantum_iqp_zz_linear,137,0.5167310167310166,fixed_configuration
logistic,138,0.49279738922596067,fixed_configuration
random_forest,138,0.5253033645890789,fixed_configuration
mlp,138,0.4513743335171907,fixed_configuration
rbf_matched,138,0.4617530796102225,fixed_configuration
quantum_angle_product,138,0.47121253906968197,fixed_configuration
quantum_iqp_zz_linear,138,0.4712952748667035,fixed_configuration
logistic,139,0.4922779922779923,fixed_configuration
random_forest,139,0.4351765030336459,fixed_configuration
mlp,139,0.5035852178709321,fixed_configuration
rbf_matched,139,0.46599558742415886,fixed_configuration
quantum_angle_product,139,0.49400625114910834,fixed_configuration
quantum_iqp_zz_linear,139,0.491156462585034,fixed_configuration
logistic,140,0.4983268983268983,fixed_configuration
random_forest,140,0.5324324324324324,fixed_configuration
mlp,140,0.5289345467916897,fixed_configuration
rbf_matched,140,0.5216216216216216,fixed_configuration
quantum_angle_product,140,0.5124471410185696,fixed_configuration
quantum_iqp_zz_linear,140,0.5139547710976282,fixed_configuration
logistic,141,0.5103143960286818,fixed_configuration
random_forest,141,0.5148648648648648,fixed_configuration
mlp,141,0.46464423607280747,fixed_configuration
rbf_matched,141,0.5308604522890237,fixed_configuration
quantum_angle_product,141,0.5206931421217136,fixed_configuration
quantum_iqp_zz_linear,141,0.5205000919286633,fixed_configuration
logistic,142,0.571975546975547,fixed_configuration
random_forest,142,0.5063568670711528,fixed_configuration
mlp,142,0.5325841147269719,fixed_configuration
rbf_matched,142,0.5624149659863946,fixed_configuration
quantum_angle_product,142,0.5646580253723111,fixed_configuration
quantum_iqp_zz_linear,142,0.5646764111049826,fixed_configuration
logistic,143,0.49024636881779743,fixed_configuration
random_forest,143,0.4716032358889502,fixed_configuration
mlp,143,0.4837378194521052,fixed_configuration
rbf_matched,143,0.45899981614267327,fixed_configuration
quantum_angle_product,143,0.4706012134583563,fixed_configuration
quantum_iqp_zz_linear,143,0.47179628608200036,fixed_configuration
logistic,144,0.46238738738738744,fixed_configuration
random_forest,144,0.4067337745909175,fixed_configuration
mlp,144,0.4908760801617944,fixed_configuration
rbf_matched,144,0.44932432432432434,fixed_configuration
quantum_angle_product,144,0.4672228350799779,fixed_configuration
quantum_iqp_zz_linear,144,0.4671860636146351,fixed_configuration
logistic,145,0.5379067843353558,fixed_configuration
random_forest,145,0.5071198749770178,fixed_configuration
mlp,145,0.49624471410185694,fixed_configuration
rbf_matched,145,0.5493519029233315,fixed_configuration
quantum_angle_product,145,0.5371070049641479,fixed_configuration
quantum_iqp_zz_linear,145,0.5379251700680272,fixed_configuration
logistic,146,0.491455230740945,fixed_configuration
random_forest,146,0.5530658209229637,fixed_configuration
mlp,146,0.527095973524545,fixed_configuration
rbf_matched,146,0.5101443280014708,fixed_configuration
quantum_angle_product,146,0.4947186982901269,fixed_configuration
quantum_iqp_zz_linear,146,0.49542654899797756,fixed_configuration
logistic,147,0.5128608200036772,fixed_configuration
random_forest,147,0.5084620334620334,fixed_configuration
mlp,147,0.5285070785070785,fixed_configuration
rbf_matched,147,0.529555065269351,fixed_configuration
quantum_angle_product,147,0.5261720904578048,fixed_configuration
quantum_iqp_zz_linear,147,0.5263559477845192,fixed_configuration
logistic,148,0.5131549917264203,fixed_configuration
random_forest,148,0.5046332046332046,fixed_configuration
mlp,148,0.5191533370104799,fixed_configuration
rbf_matched,148,0.4986762272476558,fixed_configuration
quantum_angle_product,148,0.4998712998712999,fixed_configuration
quantum_iqp_zz_linear,148,0.49952197095054235,fixed_configuration
logistic,149,0.4758411472697187,fixed_configuration
random_forest,149,0.4998575105717963,fixed_configuration
mlp,149,0.5119507262364404,fixed_configuration
rbf_matched,149,0.4847030704173561,fixed_configuration
quantum_angle_product,149,0.49169884169884176,fixed_configuration
quantum_iqp_zz_linear,149,0.490825519396948,fixed_configuration
logistic,150,0.4453530060672918,fixed_configuration
random_forest,150,0.48721731936017654,fixed_configuration
mlp,150,0.4774728810443096,fixed_configuration
rbf_matched,150,0.4393500643500643,fixed_configuration
quantum_angle_product,150,0.4437074829931973,fixed_configuration
quantum_iqp_zz_linear,150,0.4446359624931054,fixed_configuration
logistic,151,0.5038977753263467,fixed_configuration
random_forest,151,0.5032726604155175,fixed_configuration
mlp,151,0.48147177790034934,fixed_configuration
rbf_matched,151,0.5162346019488877,fixed_configuration
quantum_angle_product,151,0.5164460378746093,fixed_configuration
quantum_iqp_zz_linear,151,0.5170987313844457,fixed_configuration
logistic,152,0.49946221731936014,fixed_configuration
random_forest,152,0.5183995219709505,fixed_configuration
mlp,152,0.4986992094134951,fixed_configuration
rbf_matched,152,0.4839630446773304,fixed_configuration
quantum_angle_product,152,0.4722605258319544,fixed_configuration
quantum_iqp_zz_linear,152,0.4733912483912484,fixed_configuration
logistic,153,0.4910691303548446,fixed_configuration
random_forest,153,0.47748667034381326,fixed_configuration
mlp,153,0.4951967273395845,fixed_configuration
rbf_matched,153,0.4834206655635227,fixed_configuration
quantum_angle_product,153,0.4929904394190109,fixed_configuration
quantum_iqp_zz_linear,153,0.4928249678249679,fixed_configuration
logistic,154,0.48560397131825705,fixed_configuration
random_forest,154,0.5049549549549549,fixed_configuration
mlp,154,0.5007813936385365,fixed_configuration
rbf_matched,154,0.4929306857878287,fixed_configuration
quantum_angle_product,154,0.4828277256848686,fixed_configuration
quantum_iqp_zz_linear,154,0.4831310902739474,fixed_configuration
logistic,155,0.5007722007722007,fixed_configuration
random_forest,155,0.504054054054054,fixed_configuration
mlp,155,0.5174388674388675,fixed_configuration
rbf_matched,155,0.4738187166758595,fixed_configuration
quantum_angle_product,155,0.4941441441441441,fixed_configuration
quantum_iqp_zz_linear,155,0.4936569222283508,fixed_configuration
logistic,156,0.4340733590733591,fixed_configuration
random_forest,156,0.46802261445118587,fixed_configuration
mlp,156,0.4879251700680272,fixed_configuration
rbf_matched,156,0.43065361279646996,fixed_configuration
quantum_angle_product,156,0.4146212539069682,fixed_configuration
quantum_iqp_zz_linear,156,0.42061500275785996,fixed_configuration
logistic,157,0.48949255377826806,fixed_configuration
random_forest,157,0.4916850523993381,fixed_configuration
mlp,157,0.5008043758043759,fixed_configuration
rbf_matched,157,0.4765122265122265,fixed_configuration
quantum_angle_product,157,0.49486118771833054,fixed_configuration
quantum_iqp_zz_linear,157,0.49292149292149295,fixed_configuration
logistic,158,0.4441073726788013,fixed_configuration
random_forest,158,0.4972237543666115,fixed_configuration
mlp,158,0.47720169148740577,fixed_configuration
rbf_matched,158,0.4588527302813017,fixed_configuration
quantum_angle_product,158,0.4560672917815775,fixed_configuration
quantum_iqp_zz_linear,158,0.4615186615186615,fixed_configuration
logistic,159,0.5186569222283508,fixed_configuration
random_forest,159,0.5204219525648097,fixed_configuration
mlp,159,0.5007032542746829,fixed_configuration
rbf_matched,159,0.48422044493473065,fixed_configuration
quantum_angle_product,159,0.47987221915793343,fixed_configuration
quantum_iqp_zz_linear,159,0.48095697738554877,fixed_configuration
logistic,160,0.5515857694429124,fixed_configuration
random_forest,160,0.5005148005148005,fixed_configuration
mlp,160,0.4995541459827174,fixed_configuration
rbf_matched,160,0.5196865232579518,fixed_configuration
quantum_angle_product,160,0.5201002022430594,fixed_configuration
quantum_iqp_zz_linear,160,0.5214239749954036,fixed_configuration
logistic,161,0.5022568486854201,fixed_configuration
random_forest,161,0.49515995587424155,fixed_configuration
mlp,161,0.5313246920389778,fixed_configuration
rbf_matched,161,0.5148510755653614,fixed_configuration
quantum_angle_product,161,0.5120748299319727,fixed_configuration
quantum_iqp_zz_linear,161,0.5149154256297114,fixed_configuration
logistic,162,0.5537093215664644,fixed_configuration
random_forest,162,0.5182340503769076,fixed_configuration
mlp,162,0.504288472145615,fixed_configuration
rbf_matched,162,0.5246506710792425,fixed_configuration
quantum_angle_product,162,0.5253769075197647,fixed_configuration
quantum_iqp_zz_linear,162,0.5263421584850155,fixed_configuration
logistic,163,0.47083563154991726,fixed_configuration
random_forest,163,0.4528727707299136,fixed_configuration
mlp,163,0.5130952380952382,fixed_configuration
rbf_matched,163,0.5141248391248392,fixed_configuration
quantum_angle_product,163,0.5125436661150947,fixed_configuration
quantum_iqp_zz_linear,163,0.5133526383526383,fixed_configuration
logistic,164,0.5134767420481705,fixed_configuration
random_forest,164,0.565260158117301,fixed_configuration
mlp,164,0.47537231108659683,fixed_configuration
rbf_matched,164,0.51569222283508,fixed_configuration
quantum_angle_product,164,0.5216675859533002,fixed_configuration
quantum_iqp_zz_linear,164,0.521842250413679,fixed_configuration
logistic,165,0.5338757124471409,fixed_configuration
random_forest,165,0.45882974811546245,fixed_configuration
mlp,165,0.5426916712630998,fixed_configuration
rbf_matched,165,0.5010112152969295,fixed_configuration
quantum_angle_product,165,0.516822945394374,fixed_configuration
quantum_iqp_zz_linear,165,0.5128332414046699,fixed_configuration
logistic,166,0.5204633204633204,fixed_configuration
random_forest,166,0.43761261261261264,fixed_configuration
mlp,166,0.5018385732671448,fixed_configuration
rbf_matched,166,0.47782680639823494,fixed_configuration
quantum_angle_product,166,0.47198933627505063,fixed_configuration
quantum_iqp_zz_linear,166,0.47211803640375066,fixed_configuration
logistic,167,0.5399016363302078,fixed_configuration
random_forest,167,0.5086045228902372,fixed_configuration
mlp,167,0.45515719801434085,fixed_configuration
rbf_matched,167,0.5355442176870748,fixed_configuration
quantum_angle_product,167,0.5323910645339216,fixed_configuration
quantum_iqp_zz_linear,167,0.5322899430042287,fixed_configuration
logistic,168,0.5027992277992278,fixed_configuration
random_forest,168,0.4623506159220445,fixed_configuration
mlp,168,0.525597536311822,fixed_configuration
rbf_matched,168,0.508480419194705,fixed_configuration
quantum_angle_product,168,0.5050790586504872,fixed_configuration
quantum_iqp_zz_linear,168,0.505253723110866,fixed_configuration
logistic,169,0.4430226144511858,fixed_configuration
random_forest,169,0.4466813752528038,fixed_configuration
mlp,169,0.48173377459091754,fixed_configuration
rbf_matched,169,0.4796378010663725,fixed_configuration
quantum_angle_product,169,0.47988600845743706,fixed_configuration
quantum_iqp_zz_linear,169,0.4806949806949807,fixed_configuration
logistic,170,0.514561500275786,fixed_configuration
random_forest,170,0.5392259606545321,fixed_configuration
mlp,170,0.48826530612244895,fixed_configuration
rbf_matched,170,0.5115094686523258,fixed_configuration
quantum_angle_product,170,0.5145431145431145,fixed_configuration
quantum_iqp_zz_linear,170,0.5124195624195624,fixed_configuration
logistic,171,0.496644603787461,fixed_configuration
random_forest,171,0.46276429490715204,fixed_configuration
mlp,171,0.46164736164736164,fixed_configuration
rbf_matched,171,0.4811178525464239,fixed_configuration
quantum_angle_product,171,0.47936201507630083,fixed_configuration
quantum_iqp_zz_linear,171,0.4788564074278361,fixed_configuration
logistic,172,0.5022614451185881,fixed_configuration
random_forest,172,0.4867668689097261,fixed_configuration
mlp,172,0.5128424342710057,fixed_configuration
rbf_matched,172,0.5,fixed_configuration
quantum_angle_product,172,0.5111417539988969,fixed_configuration
quantum_iqp_zz_linear,172,0.5096157381871668,fixed_configuration
logistic,173,0.4463182570325427,fixed_configuration
random_forest,173,0.4753998896856039,fixed_configuration
mlp,173,0.4693739658025372,fixed_configuration
rbf_matched,173,0.4867484831770546,fixed_configuration
quantum_angle_product,173,0.47322577679720534,fixed_configuration
quantum_iqp_zz_linear,173,0.47416344916344916,fixed_configuration
logistic,174,0.4712401176686891,fixed_configuration
random_forest,174,0.48240945026659315,fixed_configuration
mlp,174,0.49408439051296194,fixed_configuration
rbf_matched,174,0.486104982533554,fixed_configuration
quantum_angle_product,174,0.49039805111233686,fixed_configuration
quantum_iqp_zz_linear,174,0.4899751792608935,fixed_configuration
logistic,175,0.4969157933443648,fixed_configuration
random_forest,175,0.4860406324692039,fixed_configuration
mlp,175,0.4546837653980511,fixed_configuration
rbf_matched,175,0.499434638720353,fixed_configuration
quantum_angle_product,175,0.49688821474535755,fixed_configuration
quantum_iqp_zz_linear,175,0.4954081632653061,fixed_configuration
logistic,176,0.4900992829564258,fixed_configuration
random_forest,176,0.4774774774774775,fixed_configuration
mlp,176,0.49145063430777713,fixed_configuration
rbf_matched,176,0.4942636514065086,fixed_configuration
quantum_angle_product,176,0.4935558006986579,fixed_configuration
quantum_iqp_zz_linear,176,0.4938040080897224,fixed_configuration
logistic,177,0.5693877551020408,fixed_configuration
random_forest,177,0.5272384629527487,fixed_configuration
mlp,177,0.5108935466078324,fixed_configuration
rbf_matched,177,0.5785070785070785,fixed_configuration
quantum_angle_product,177,0.580354844640559,fixed_configuration
quantum_iqp_zz_linear,177,0.5823313109027395,fixed_configuration
logistic,178,0.488462952748667,fixed_configuration
random_forest,178,0.5197784519213091,fixed_configuration
mlp,178,0.4481614267328553,fixed_configuration
rbf_matched,178,0.47895752895752897,fixed_configuration
quantum_angle_product,178,0.4838205552491267,fixed_configuration
quantum_iqp_zz_linear,178,0.48176135318992463,fixed_configuration
logistic,179,0.4953759882331311,fixed_configuration
random_forest,179,0.5091974627688913,fixed_configuration
mlp,179,0.5352546423974995,fixed_configuration
rbf_matched,179,0.5063246920389778,fixed_configuration
quantum_angle_product,179,0.49393270821842256,fixed_configuration
quantum_iqp_zz_linear,179,0.49168045596617027,fixed_configuration
logistic,180,0.5235107556536128,fixed_configuration
random_forest,180,0.453856407427836,fixed_configuration
mlp,180,0.4683581540724398,fixed_configuration
rbf_matched,180,0.48273120058834346,fixed_configuration
quantum_angle_product,180,0.4901406508549366,fixed_configuration
quantum_iqp_zz_linear,180,0.49072899430042294,fixed_configuration
logistic,181,0.5083838940981799,fixed_configuration
random_forest,181,0.4661610590182019,fixed_configuration
mlp,181,0.5119507262364406,fixed_configuration
rbf_matched,181,0.5273211987497702,fixed_configuration
quantum_angle_product,181,0.5265673837102409,fixed_configuration
quantum_iqp_zz_linear,181,0.5280382423239566,fixed_configuration
logistic,182,0.5159496230924803,fixed_configuration
random_forest,182,0.5000919286633572,fixed_configuration
mlp,182,0.447637433351719,fixed_configuration
rbf_matched,182,0.5179812465526751,fixed_configuration
quantum_angle_product,182,0.5184960470674757,fixed_configuration
quantum_iqp_zz_linear,182,0.5179812465526752,fixed_configuration
logistic,183,0.5209505423791139,fixed_configuration
random_forest,183,0.5106453392167678,fixed_configuration
mlp,183,0.4955874241588527,fixed_configuration
rbf_matched,183,0.5054697554697555,fixed_configuration
quantum_angle_product,183,0.5047343261628976,fixed_configuration
quantum_iqp_zz_linear,183,0.5042379113807685,fixed_configuration
logistic,184,0.5012915977201692,fixed_configuration
random_forest,184,0.5009146902004045,fixed_configuration
mlp,184,0.5068900533186247,fixed_configuration
rbf_matched,184,0.4978994300422872,fixed_configuration
quantum_angle_product,184,0.4906646442360728,fixed_configuration
quantum_iqp_zz_linear,184,0.49154715940430227,fixed_configuration
logistic,185,0.5364313292884721,fixed_configuration
random_forest,185,0.5202610774039345,fixed_configuration
mlp,185,0.5562649384077956,fixed_configuration
rbf_matched,185,0.5380768523625666,fixed_configuration
quantum_angle_product,185,0.536201507630079,fixed_configuration
quantum_iqp_zz_linear,185,0.5339124839124838,fixed_configuration
logistic,186,0.500468836183122,fixed_configuration
random_forest,186,0.500597536311822,fixed_configuration
mlp,186,0.5131825703254275,fixed_configuration
rbf_matched,186,0.49262732119874975,fixed_configuration
quantum_angle_product,186,0.49077036219893366,fixed_configuration
quantum_iqp_zz_linear,186,0.49039345467916895,fixed_configuration
logistic,187,0.46799043941901086,fixed_configuration
random_forest,187,0.43568670711527857,fixed_configuration
mlp,187,0.5197186982901267,fixed_configuration
rbf_matched,187,0.4561867990439419,fixed_configuration
quantum_angle_product,187,0.4519856591285163,fixed_configuration
quantum_iqp_zz_linear,187,0.4523993381136239,fixed_configuration
logistic,188,0.5054789483360912,fixed_configuration
random_forest,188,0.481283324140467,fixed_configuration
mlp,188,0.47713734142305564,fixed_configuration
rbf_matched,188,0.5025556168413311,fixed_configuration
quantum_angle_product,188,0.5013237727523441,fixed_configuration
quantum_iqp_zz_linear,188,0.5027118955690384,fixed_configuration
logistic,189,0.40516179444750877,fixed_configuration
random_forest,189,0.4585493656922228,fixed_configuration
mlp,189,0.5041827541827542,fixed_configuration
rbf_matched,189,0.4274636881779739,fixed_configuration
quantum_angle_product,189,0.43182110682110686,fixed_configuration
quantum_iqp_zz_linear,189,0.4333747012318441,fixed_configuration
logistic,190,0.5252068394925539,fixed_configuration
random_forest,190,0.5225133296561868,fixed_configuration
mlp,190,0.49116105901820195,fixed_configuration
rbf_matched,190,0.5354293068578784,fixed_configuration
quantum_angle_product,190,0.5342250413678985,fixed_configuration
quantum_iqp_zz_linear,190,0.5348777348777348,fixed_configuration
logistic,191,0.4548768155911014,fixed_configuration
random_forest,191,0.4576346754918184,fixed_configuration
mlp,191,0.5191717227431514,fixed_configuration
rbf_matched,191,0.47529417172274313,fixed_configuration
quantum_angle_product,191,0.4700910093767237,fixed_configuration
quantum_iqp_zz_linear,191,0.4679306857878286,fixed_configuration
logistic,192,0.459739841882699,fixed_configuration
random_forest,192,0.42571704357418644,fixed_configuration
mlp,192,0.5060810810810811,fixed_configuration
rbf_matched,192,0.4744208494208495,fixed_configuration
quantum_angle_product,192,0.4704863026291598,fixed_configuration
quantum_iqp_zz_linear,192,0.47097352454495306,fixed_configuration
logistic,193,0.49506802721088433,fixed_configuration
random_forest,193,0.4630768523625667,fixed_configuration
mlp,193,0.5002160323588896,fixed_configuration
rbf_matched,193,0.5008503401360545,fixed_configuration
quantum_angle_product,193,0.5012824048538335,fixed_configuration
quantum_iqp_zz_linear,193,0.5012640191211619,fixed_configuration
logistic,194,0.4832965618679904,fixed_configuration
random_forest,194,0.4517834160691303,fixed_configuration
mlp,194,0.5202426916712631,fixed_configuration
rbf_matched,194,0.46361463504320655,fixed_configuration
quantum_angle_product,194,0.47698106269534835,fixed_configuration
quantum_iqp_zz_linear,194,0.4764111049825336,fixed_configuration
logistic,195,0.4608291965434822,fixed_configuration
random_forest,195,0.4369185512042655,fixed_configuration
mlp,195,0.5521143592572165,fixed_configuration
rbf_matched,195,0.5021051663908807,fixed_configuration
quantum_angle_product,195,0.5011215296929582,fixed_configuration
quantum_iqp_zz_linear,195,0.5026843169700312,fixed_configuration
logistic,196,0.5191533370104799,fixed_configuration
random_forest,196,0.5064855671998529,fixed_configuration
mlp,196,0.5321428571428571,fixed_configuration
rbf_matched,196,0.4981936017650303,fixed_configuration
quantum_angle_product,196,0.49911288839860274,fixed_configuration
quantum_iqp_zz_linear,196,0.5001241036955322,fixed_configuration
logistic,197,0.5089262732119875,fixed_configuration
random_forest,197,0.5024085309799595,fixed_configuration
mlp,197,0.49081632653061225,fixed_configuration
rbf_matched,197,0.5021970950542379,fixed_configuration
quantum_angle_product,197,0.5043022614451186,fixed_configuration
quantum_iqp_zz_linear,197,0.5035852178709321,fixed_configuration
logistic,198,0.5114864864864865,fixed_configuration
random_forest,198,0.5172412208126493,fixed_configuration
mlp,198,0.51362842434271,fixed_configuration
rbf_matched,198,0.513297481154624,fixed_configuration
quantum_angle_product,198,0.5095100202243059,fixed_configuration
quantum_iqp_zz_linear,198,0.5097306490163633,fixed_configuration
logistic,199,0.5548814120242692,fixed_configuration
random_forest,199,0.5276107740393455,fixed_configuration
mlp,199,0.5159863945578231,fixed_configuration
rbf_matched,199,0.5478212906784335,fixed_configuration
quantum_angle_product,199,0.5544309615738188,fixed_configuration
quantum_iqp_zz_linear,199,0.5537598823313109,fixed_configuration
logistic,200,0.501861555432984,fixed_configuration
random_forest,200,0.4942866335723479,fixed_configuration
mlp,200,0.5265903658760802,fixed_configuration
rbf_matched,200,0.48674848317705455,fixed_configuration
quantum_angle_product,200,0.5022108843537415,fixed_configuration
quantum_iqp_zz_linear,200,0.5002803824232396,fixed_configuration
