PAIR_INDEX,PAIR,MEAN_INNER_DELTA,SD_INNER_DELTA,POSITIVE_INNER_FOLD_COUNT,TOTAL_INNER_FOLDS,STABLE_SCORE,LEAVE_ONE_POSITION_MEANS,LEAVE_ONE_POSITION_RANGE,RANK_BY_MEAN,RANK_BY_STABILITY
7,MolLogP__n_OP,0.04267262999091315,0.07285042942574446,8,20,0.006247415278040916,"[0.060266853865612445, 0.041744277772660654, 0.03471428418159972, 0.033965104143779755]",0.02630174972183269,1,1
4,MolLogP__NumRotatableBonds,0.024297432611053014,0.07060703960440198,13,20,-0.011006087191147977,"[0.02603410933501619, 0.036446751257782836, 0.009965100970243014, 0.024743768881170018]",0.02648165028753982,2,10
45,LiPHEX_prediction__sasa002_frac_polar_hetero_only,0.020461982493865542,0.06860595271678768,13,20,-0.013840993864528299,"[0.01764826636331592, 0.03299563101428007, 0.024441012584443443, 0.006763020013422735]",0.02623261100085733,3,13
34,NumRotatableBonds__LiPHEX_prediction,0.015367747099969391,0.07348443230751503,9,20,-0.021374469053788123,"[0.011139710407849288, 0.021937183566653803, 0.005176032412965461, 0.023218062012409012]",0.01804202959944355,4,17
8,MolLogP__LiPHEX_prediction,0.014675638008263645,0.056594372768581896,10,20,-0.013621548376027304,"[0.013256092747615932, 0.017592312574647915, 0.01999994948494344, 0.007854197225847287]",0.012145752259096152,5,12
28,NumHDonors__n_OP,0.014042849424409032,0.03735441404119675,7,20,-0.004634357596189343,"[0.008539564791411058, 0.017101381832938287, 0.015873385191301128, 0.014657065881985653]",0.008561817041527229,6,2
17,MolWt__sasa002_frac_polar_hetero_only,0.012232947712257164,0.07962215146814998,12,20,-0.027578128021817826,"[-0.002384966132773217, -0.0031831671479939047, 0.025561401436477053, 0.02893852269331874]",0.032121689841312646,7,18
15,MolWt__n_OP,0.011400498430055181,0.04061431307491808,6,20,-0.008906658107403858,"[0.008630303830570844, 0.014172256019494737, 0.002618712972358355, 0.020180720897796788]",0.017562007925438432,8,7
30,NumHDonors__sasa002_frac_polar_hetero_only,0.00950130966313922,0.07759349605780767,8,20,-0.029295438365764617,"[0.026918938337192205, -0.017705870119979008, 0.017267827206394908, 0.011524343228948785]",0.04462480845717121,9,23
39,NumAromaticRings__sasa002_frac_polar_hetero_only,0.009345530795756316,0.10533369294095778,10,20,-0.04332131567472257,"[-0.004412568292271402, 0.027524600637970423, 0.00815781017175597, 0.006112280665570264]",0.03193716893024182,10,33
35,NumRotatableBonds__sasa002_frac_polar_hetero_only,0.008651753937489116,0.07394575840309982,11,20,-0.028321125264060793,"[0.006413257790472187, 0.009601061785877146, -0.0018873572061531, 0.020480053379760235]",0.022367410585913336,11,22
1,MolLogP__MolWt,0.008372645642713877,0.12212408743806809,6,20,-0.05268939807632017,"[0.02582558450203235, -0.014504134319565298, 0.01321955676112585, 0.008949575627262603]",0.040329718821597645,12,38
38,NumAromaticRings__LiPHEX_prediction,0.007048278269510768,0.09133208543286919,12,20,-0.03861776444692383,"[0.003583685426213388, 0.006438127744781713, 0.008450012933653916, 0.009721286973394052]",0.006137601547180664,13,31
11,MolWt__NumHDonors,0.006724809217438207,0.04027837492125035,9,20,-0.013414378243186968,"[0.005548663494200755, 0.006676292448370907, 0.00868523530175829, 0.005989045625422885]",0.003136571807557535,14,11
14,MolWt__nHalogen,0.006262827766945195,0.10440526174079703,10,20,-0.045939803103453324,"[0.01164359653833371, -0.009663459363862776, 0.0014036820274082207, 0.021667491865901622]",0.0313309512297644,15,34
10,MolWt__TPSA_SP,0.005883364700965367,0.10849579874503161,11,20,-0.04836453467155044,"[-0.009960461408335345, -0.003837554222044985, 0.020900518224919652, 0.016430956209322143]",0.030860979633254997,16,36
40,nHalogen__n_OP,0.00587071075011158,0.0276777739055513,8,20,-0.00796817620266407,"[0.003087794145828186, 0.0010349709324799763, 0.0076095831049398654, 0.01175049481719829]",0.010715523884718314,17,5
19,TPSA_SP__NumRotatableBonds,0.005829335685492781,0.05336751184689148,8,20,-0.020854420237952958,"[-0.0041486647170753815, 0.019063175850500092, 0.007472110138671417, 0.0009307214698749965]",0.023211840567575474,18,16
26,NumHDonors__NumAromaticRings,0.005431101725930909,0.02519659190366821,6,20,-0.007167194225903196,"[0.008830936242264237, 0.0002615945294485222, 0.006502449109848252, 0.006129427022162626]",0.008569341712815716,19,4
33,NumRotatableBonds__n_OP,0.004884294095072588,0.028176156538548807,7,20,-0.009203784174201816,"[0.00019323483656787747, 0.005968115323871091, 0.00971283415642774, 0.0036629920634236404]",0.009519599319859863,20,9
2,MolLogP__TPSA_SP,0.0028540339396145005,0.06203454317391954,7,20,-0.028163237647345272,"[-0.010604271677245316, 0.0016190696534932195, 0.007352876851556987, 0.013048460930653111]",0.02365273260789843,21,21
24,TPSA_SP__sasa002_frac_polar_hetero_only,0.0027372186771998028,0.07457719583066505,10,20,-0.03455137923813272,"[-0.0036659722186961194, 0.006976649409946201, 0.016980508227423984, -0.009342310709874855]",0.02632281893729884,22,27
32,NumRotatableBonds__nHalogen,0.0024993396461963358,0.039803481224316484,10,20,-0.017402400965961906,"[0.0072443893097676616, 0.008856921183169409, -0.008923638636594225, 0.0028196867284424935]",0.017780559819763633,23,15
25,NumHDonors__NumRotatableBonds,0.0024507344493851376,0.022964391562616374,6,20,-0.009031461331923049,"[0.0050233563546389455, -0.0021998424941731356, 0.00444799423720146, 0.0025314296998732813]",0.0072231988488120815,24,8
22,TPSA_SP__n_OP,0.0012818604266446071,0.015768131882984166,5,20,-0.006602205514847476,"[-0.0008829228600424048, 0.004842663677563404, -0.0007455721916140671, 0.001913273080671496]",0.005725586537605809,25,3
20,TPSA_SP__NumAromaticRings,-0.0002437973358731152,0.05520759860599745,7,20,-0.02784759663887184,"[-0.002362947986566518, -0.006237139945063636, -0.007133162874185219, 0.014758061462322917]",0.021891224336508135,26,19
27,NumHDonors__nHalogen,-0.0011255536645763237,0.06497444903637586,3,20,-0.03361277818276426,"[-0.004178249533842397, -0.0016332333879560937, 0.01225775655584529, -0.010948488292352095]",0.023206244848197385,27,26
44,n_OP__sasa002_frac_polar_hetero_only,-0.0013431637370769967,0.014961811702756954,4,20,-0.008824069588455474,"[0.0016948087855640985, -0.0010271742998275565, -0.003183126820651468, -0.0028571626133930606]",0.004877935606215566,28,6
21,TPSA_SP__nHalogen,-0.0016095173003822945,0.057356917475194884,12,20,-0.030287976037979735,"[-0.0010828886879838387, -0.01364733670976659, 0.004376471111603662, 0.003915685084617584]",0.018023807821370252,29,24
31,NumRotatableBonds__NumAromaticRings,-0.0019776607553643527,0.07273823241494853,5,20,-0.03834677696283862,"[0.0012518356861464205, 0.0012465014480858053, 0.006443585561321113, -0.01685256571701075]",0.023296151278331862,30,30
13,MolWt__NumAromaticRings,-0.0022317991126050854,0.07945159373616761,5,20,-0.04195759598068889,"[0.016961265330954326, -0.0016224020347659306, -0.01251166088793878, -0.011754398858669956]",0.02947292621889311,31,32
42,nHalogen__sasa002_frac_polar_hetero_only,-0.002992537296196407,0.024369729951681927,8,20,-0.015177402272037371,"[0.0010469085511673364, -0.003245918355356614, -0.007385124299142039, -0.002386015081454311]",0.008432032850309376,32,14
9,MolLogP__sasa002_frac_polar_hetero_only,-0.004181406295595132,0.04779045943826875,6,20,-0.028076636014729504,"[-0.0026482501044734273, -0.01457696070018227, 0.004770469171322544, -0.004270883549047377]",0.019347429871504812,33,20
41,nHalogen__LiPHEX_prediction,-0.00608116118887418,0.05344288383702531,8,20,-0.032802603107386835,"[0.0020110160683838004, -0.010769105574671669, -0.0175337420149192, 0.0019671867657103472]",0.019544758083303,34,25
6,MolLogP__nHalogen,-0.006329926951537853,0.05984273778018736,10,20,-0.03625129584163153,"[-0.016898089213140517, 0.0042528183235807275, -0.014585612785728178, 0.0019111758691365535]",0.021150907536721244,35,28
12,MolWt__NumRotatableBonds,-0.0076060116876028785,0.10660793460064721,8,20,-0.06090997898792649,"[0.022189118504044546, -0.03759690702115144, -0.015145833921331961, 0.00012957568802734096]",0.05978602552519599,36,39
18,TPSA_SP__NumHDonors,-0.00927958747446696,0.05482956823281573,7,20,-0.036694371590874825,"[-0.006876218671116065, -0.013445089702429892, -0.01254613215667053, -0.004250909367651351]",0.009194180334778541,37,29
5,MolLogP__NumAromaticRings,-0.014921873493245716,0.07163682919665161,7,20,-0.05074028809157152,"[-0.004428913859497995, -0.027047368106918032, -0.015483181448476694, -0.012728030558090141]",0.02261845424742004,38,37
36,NumAromaticRings__nHalogen,-0.017862823995733752,0.09011951412335485,8,20,-0.06292258105741118,"[-0.03445435484719003, -0.021074612722393363, -0.004674392467195611, -0.011247935946156012]",0.02977996237999442,39,42
23,TPSA_SP__LiPHEX_prediction,-0.018407646999270028,0.13396556529012288,9,20,-0.08539042964433147,"[0.012589084912322615, -0.035336120111079006, -0.020180401728037138, -0.03070315107028657]",0.04792520502340162,40,45
29,NumHDonors__LiPHEX_prediction,-0.01956003356908561,0.08610003277548951,9,20,-0.06261004995683037,"[-0.03127710038930449, -0.01819625192221057, -0.019399445394212907, -0.00936733657061448]",0.021909763818690007,41,40
16,MolWt__LiPHEX_prediction,-0.01980654425623305,0.12616644944613656,5,20,-0.08288976897930134,"[0.0007006344712301669, -0.024324552401845324, -0.04642944571137672, -0.009172813382940322]",0.047130080182606886,42,44
43,n_OP__LiPHEX_prediction,-0.021132549877375593,0.05256805809850192,6,20,-0.047416578926626554,"[-0.030464101152004854, -0.018856964639964408, -0.03129374318071329, -0.003915390536819811]",0.02737835264389348,43,35
3,MolLogP__NumHDonors,-0.03227955520543304,0.06960094504529074,4,20,-0.06708002772807842,"[-0.027438512948468982, -0.03937373779215269, -0.03410186392389321, -0.028204106157217284]",0.011935224843683707,44,43
37,NumAromaticRings__n_OP,-0.03307402880254386,0.05928386012236072,4,20,-0.06271595886372422,"[-0.021408426932849896, -0.0396928362157529, -0.03477314770517435, -0.03642170435639831]",0.018284409282903,45,41
