evaluation_status,representation,n_features,model,n_molecules,positive_prevalence,auroc,auprc,balanced_accuracy,mcc,accuracy,precision,recall,f1,fold_mean_auroc,fold_std_auroc,fold_mean_auprc,fold_std_auprc,fold_mean_balanced_accuracy,fold_std_balanced_accuracy,fold_mean_mcc,fold_std_mcc,fold_mean_accuracy,fold_std_accuracy,fold_mean_precision,fold_std_precision,fold_mean_recall,fold_std_recall,fold_mean_f1,fold_std_f1,source_run,model_label,representation_label,auroc_ci_low,auroc_ci_high,auprc_ci_low,auprc_ci_high,selection_cv_auroc,elapsed_seconds
development_oof,without_liphex,9,random_forest,712,0.3117977528089887,0.7594180915609486,0.6710796673886117,0.6778635778635779,0.4146002073001555,0.7668539325842697,0.7,0.4414414414414414,0.5414364640883977,0.7511453540978681,0.0687450850749522,0.6637185376519739,0.103300461239117,0.6729319014279267,0.066648389606834,0.4043012330183919,0.1355414052003641,0.7639473496720167,0.0516054267298166,0.6941269841269841,0.1166688262406754,0.4345357446689165,0.1394186865930785,0.5281194535413793,0.120507992152812,classical,Random forest,X10 - LiPHEX,0.7194371667585954,0.7981245403566831,0.6144021031531376,0.7235340095553493,,
development_oof,x10,10,random_forest,712,0.3117977528089887,0.7557041735613164,0.6711188911355954,0.681347674204817,0.4193651732691392,0.7682584269662921,0.6993006993006993,0.4504504504504504,0.547945205479452,0.753460401126857,0.0570028620563563,0.6619683385133605,0.082283837543639,0.6756441522265558,0.0501243248546757,0.4106915649902406,0.1022068343752401,0.7634506908755994,0.0451531871237343,0.7012643153947502,0.1164506078271679,0.4465513195658473,0.1249979208410685,0.5357590138172187,0.0892346656847731,classical,Random forest,X10,0.7143234050376908,0.7933674618496047,0.6181546836650872,0.7256259378161206,,
development_oof,without_partition_pair,8,random_forest,712,0.3117977528089887,0.7463826070968929,0.6620825614145232,0.6768063982349697,0.4305548075488296,0.773876404494382,0.744,0.4189189189189189,0.5360230547550432,0.7383965742304934,0.0753459414360271,0.653396005335245,0.1026279156654293,0.672093393348342,0.0689442147680339,0.4150354912038704,0.1198578646346116,0.7728243726720259,0.0356530665231255,0.7266047644194097,0.0643790958997756,0.4120642815073808,0.1561297960466906,0.5164073210373825,0.142560854698537,classical,Random forest,X10 - both partition descriptors,0.7031526935098364,0.7909961619783048,0.6095247734294473,0.7151736443914262,,
development_oof,without_mollogp,9,random_forest,712,0.3117977528089887,0.7444796837653981,0.6772091959721738,0.6888766317337746,0.4585098518353018,0.7837078651685393,0.7698412698412699,0.4369369369369369,0.5574712643678161,0.7458436955356367,0.0748267981802944,0.6697891228235553,0.0960334736488034,0.6830310129739647,0.063423692249344,0.4460590621122968,0.0951516956065776,0.7812268228149588,0.030439925648263,0.7647008547008547,0.0704438927547632,0.4284983686557536,0.1569461383728406,0.5364249171113014,0.1180471914325492,classical,Random forest,X10 - MolLogP,0.699465549733407,0.7853441579334437,0.6237776697521494,0.7285815483726329,,
development_oof,without_liphex,9,logistic,712,0.3117977528089887,0.7202794631366061,0.6379002274105194,0.6892351535208678,0.3944064478986392,0.7485955056179775,0.6113989637305699,0.5315315315315315,0.5686746987951807,0.7157438118486934,0.1077474275624773,0.6428143575713273,0.1055177942337133,0.6843036625479972,0.0791248366783516,0.385543072582195,0.1568441094888724,0.7446161361248838,0.0677128695545603,0.6070835490633233,0.1042927050738041,0.5256492656613723,0.1510203352453403,0.5590492407870359,0.1194525535126136,classical,Logistic regression,X10 - LiPHEX,0.6754961849604708,0.7637915977201691,0.5819881300296553,0.7037463489388419,,
development_oof,x10,10,logistic,712,0.3117977528089887,0.7170619599191027,0.6293571433266667,0.6804375804375804,0.3766857850280266,0.7415730337078652,0.5989583333333334,0.5180180180180181,0.5555555555555556,0.7195105221694689,0.0974013369646979,0.6446391082453705,0.0985475812269337,0.6755674538913554,0.079200741088394,0.3679380069313434,0.1568029599600051,0.7391629711903949,0.0631337517177462,0.5937316849816849,0.1111680999991421,0.5102438602559668,0.1536099798289374,0.5447367302340101,0.1241970656246623,classical,Logistic regression,X10,0.6712070233498805,0.7612256389042102,0.5704693896020282,0.695330476840114,,
development_oof,x10,10,rbf_svc,712,0.3117977528089887,0.7140283140283139,0.6282250069302935,0.6921492921492921,0.4664544399426399,0.7865168539325843,0.7777777777777778,0.4414414414414414,0.5632183908045977,0.7155596773421689,0.1047452038631169,0.6529180126531282,0.1040027426549047,0.6897260975225211,0.0779784906850956,0.4628792617418609,0.1678517558494089,0.7823080267574178,0.0664254175018165,0.7855927698032962,0.1876392691234968,0.4413818280404237,0.1387018220228605,0.5541042146103783,0.1324868412186082,classical,RBF-SVC,X10,0.6704964147821292,0.7577413127413127,0.5677301561600405,0.6943754112071768,,
development_oof,without_n_op,9,rbf_svc,712,0.3117977528089887,0.7124287552858981,0.5804836449181934,0.6631274131274132,0.3250691326290704,0.7092696629213483,0.5333333333333333,0.5405405405405406,0.5369127516778524,0.7053263195667212,0.0978089327624807,0.5913597520124603,0.1077404238798335,0.6532432115655606,0.0823053289929814,0.3075565561096879,0.16372660916701,0.7022145874515437,0.0755237343974525,0.5234838439594871,0.1141545721566957,0.5304133517813905,0.1306158944160358,0.5252261647152846,0.1155559604718413,classical,RBF-SVC,X10 - n_OP,0.6694861187718331,0.7559916804559661,0.5208518219188927,0.6447702507186962,,
development_oof,without_mollogp,9,logistic,712,0.3117977528089887,0.7113715756572899,0.6469021136859631,0.690393454679169,0.419832990685262,0.7654494382022472,0.6687116564417178,0.4909909909909909,0.5662337662337662,0.7192170465845885,0.1123930807900237,0.6653304054354925,0.1036520787603137,0.6879247401644593,0.0923948936325668,0.4111122707217102,0.1780768525492631,0.7606585129003568,0.0730690758979449,0.6595993765579019,0.1327054579030597,0.4935306215935755,0.1745475852508447,0.5551454070000092,0.1429336443518082,classical,Logistic regression,X10 - MolLogP,0.6646635410921126,0.7583294263651408,0.589453571592567,0.7058241221251823,,
development_oof,without_partition_pair,8,logistic,712,0.3117977528089887,0.7053042838757124,0.6451736864117816,0.6977477477477477,0.4399009915416329,0.773876404494382,0.6918238993710691,0.4954954954954955,0.5774278215223098,0.7068686211001179,0.109166460197022,0.6549832166151311,0.0966621774806471,0.6940790375076551,0.0839346869455947,0.4295224368482664,0.1558254396607878,0.7683143691303421,0.0669096505318388,0.6831278375149342,0.1099920290473534,0.4969204521020501,0.1713424231806576,0.5643242444969532,0.1295422128537982,classical,Logistic regression,X10 - both partition descriptors,0.659798216583931,0.7505619139547711,0.5839203186080066,0.7040880350930779,,
development_oof,without_n_op,9,random_forest,712,0.3117977528089887,0.7036679536679536,0.5406095424863089,0.6214193785622357,0.2800509916165609,0.7162921348314607,0.5694444444444444,0.3693693693693693,0.448087431693989,0.6957488121123664,0.0597819905945677,0.5518071036992047,0.0808554137724125,0.6161822670184389,0.039287211920896,0.2692294915567883,0.093854620415384,0.7119774097916145,0.0482244859837362,0.5628444331109128,0.0956477437750513,0.3670473136574831,0.0742308955044504,0.4420128588481766,0.0763583441008974,classical,Random forest,X10 - n_OP,0.6608148326898327,0.7445265673837103,0.48672625847074324,0.604584274507132,,
development_oof,without_mollogp,9,rbf_svc,712,0.3117977528089887,0.6898694612980328,0.6134036610239909,0.688665195808053,0.4623662338313661,0.7851123595505618,0.7804878048780488,0.4324324324324324,0.5565217391304348,0.6933425296583857,0.1340261973282471,0.6489325117365563,0.126248341584749,0.686534032505324,0.0797413798023261,0.4615823357017586,0.1791641932182747,0.7812451741464443,0.0695183873708723,0.7943182678476796,0.2038351690910261,0.4323001953873625,0.1355645700729208,0.549253236586649,0.1369151769803852,classical,RBF-SVC,X10 - MolLogP,0.6423598087883802,0.7378424342710057,0.5531005975278263,0.6817305799558177,,
development_oof,without_liphex,9,rbf_svc,712,0.3117977528089887,0.6828369185512042,0.5830199237316815,0.6816326530612244,0.3886134431067269,0.75,0.6235955056179775,0.5,0.555,0.6867398080829343,0.1169769318881898,0.6143388319277588,0.112518660421415,0.68210903209163,0.0950738771409791,0.4137284303497066,0.2191551854953078,0.7547003421543592,0.1036982533171951,0.6852890075430121,0.2064758017749893,0.4894807744444548,0.1347985819934005,0.5599104694289209,0.146434736710997,classical,RBF-SVC,X10 - LiPHEX,0.633717824967825,0.7298995679352821,0.524121570159367,0.6497900510520069,,
development_oof,without_n_op,9,logistic,712,0.3117977528089887,0.6686431329288473,0.4985778338921593,0.6448703805846663,0.2730213322518211,0.6587078651685393,0.4639175257731959,0.6081081081081081,0.5263157894736842,0.6618214684063768,0.0719084650964192,0.5191567422929818,0.0710989462611712,0.6325428489306739,0.069003218092754,0.2539624283852858,0.1302060345323049,0.655539695946106,0.0504225972009779,0.4522034992800733,0.0722347209546602,0.5852327820729758,0.1703503856794719,0.5073594642320127,0.106023396819155,classical,Logistic regression,X10 - n_OP,0.6226781117852547,0.7133032266960839,0.44897807411299073,0.5668300981474131,,
development_oof,without_partition_pair,8,rbf_svc,712,0.3117977528089887,0.6671079242507814,0.5276968408693217,0.67712814855672,0.380411272209482,0.7471910112359551,0.6193181818181818,0.4909909909909909,0.5477386934673367,0.6804727990402964,0.1251827017481419,0.6183228624577018,0.1390469426738994,0.6754871541908579,0.092752067478325,0.406122890977827,0.2212767275760847,0.7516629950209595,0.101001158751446,0.6893989876652415,0.2286774661588368,0.4747578225060065,0.1436204430979925,0.5473323584594814,0.1500228423834776,classical,RBF-SVC,X10 - both partition descriptors,0.6183027670527671,0.7154281577495862,0.4719799776177193,0.5936952868504427,,
historical_holdout,without_partition_pair,8,random_forest,181,0.2707182320441988,0.7828540507111935,0.6333108884043042,0.6711502782931354,0.4408190024180236,0.8011049723756906,0.76,0.3877551020408163,0.5135135135135135,,,,,,,,,,,,,,,,,classical,Random forest,X10 - both partition descriptors,0.703617810760668,0.860779993815708,0.5225333523495466,0.7543607877054759,0.7407018206533869,2.325657500001398
historical_holdout,without_liphex,9,random_forest,181,0.2707182320441988,0.7333797155225728,0.584965753576018,0.6635745207173779,0.4080265424867893,0.7900552486187845,0.7037037037037037,0.3877551020408163,0.5,,,,,,,,,,,,,,,,,classical,Random forest,X10 - LiPHEX,0.6416048237476808,0.8167304421768706,0.4731722744756422,0.7033831137207598,0.7564433190017246,2.6795452000005757
historical_holdout,without_mollogp,9,rbf_svc,181,0.2707182320441988,0.7314471243042671,0.5190486238560992,0.5793135435992579,0.2482906650340675,0.7513812154696132,0.625,0.2040816326530612,0.3076923076923077,,,,,,,,,,,,,,,,,classical,RBF-SVC,X10 - MolLogP,0.6394557823129253,0.8147881880024738,0.4141414571834414,0.666486957152803,0.7112302898240122,0.2956398999995144
historical_holdout,without_partition_pair,8,rbf_svc,181,0.2707182320441988,0.7257266542980828,0.5028224546127451,0.5793135435992579,0.2482906650340675,0.7513812154696132,0.625,0.2040816326530612,0.3076923076923077,,,,,,,,,,,,,,,,,classical,RBF-SVC,X10 - both partition descriptors,0.6431547619047618,0.8073670377241806,0.39861797459703524,0.6473653218836737,0.7153152879909712,0.292075900000782
historical_holdout,without_partition_pair,8,logistic,181,0.2707182320441988,0.7244897959183673,0.5705631180858,0.7122758194186766,0.4546487226824332,0.7955801104972375,0.65,0.5306122448979592,0.5842696629213483,,,,,,,,,,,,,,,,,classical,Logistic regression,X10 - both partition descriptors,0.6195114409400124,0.815708101422387,0.4564597321069292,0.7133786601395099,0.7163421083323895,0.0599641000007977
historical_holdout,without_liphex,9,rbf_svc,181,0.2707182320441988,0.7172232529375385,0.5409967776801499,0.6242269635126778,0.2968805665604748,0.7513812154696132,0.5666666666666667,0.3469387755102041,0.430379746835443,,,,,,,,,,,,,,,,,classical,RBF-SVC,X10 - LiPHEX,0.6306393011750155,0.7966991341991343,0.42747499120450244,0.6715313242593585,0.7335473241750827,0.2986602999990282
historical_holdout,without_mollogp,9,logistic,181,0.2707182320441988,0.7166048237476809,0.5628118839759587,0.6918676561533704,0.4186556479425121,0.7845303867403315,0.631578947368421,0.4897959183673469,0.5517241379310345,,,,,,,,,,,,,,,,,classical,Logistic regression,X10 - MolLogP,0.6196505875077302,0.8141620284477427,0.45643944433281447,0.7084456260452198,0.71954608741044,0.061280899999474
historical_holdout,x10,10,rbf_svc,181,0.2707182320441988,0.7098021026592455,0.5431928229506633,0.6113945578231292,0.2822451267511167,0.7513812154696132,0.5769230769230769,0.3061224489795918,0.4,,,,,,,,,,,,,,,,,classical,RBF-SVC,X10,0.6208835807050093,0.7875850340136054,0.4394996594490641,0.6691522072787153,0.73368002573773,0.3038277000014204
historical_holdout,without_mollogp,9,random_forest,181,0.2707182320441988,0.7056277056277056,0.5459127389996662,0.6586270871985158,0.3695083249891758,0.7734806629834254,0.625,0.4081632653061224,0.4938271604938271,,,,,,,,,,,,,,,,,classical,Random forest,X10 - MolLogP,0.6136286332714905,0.7902056277056277,0.43698836799181207,0.6863215986111463,0.7444174352448962,2.4203049000007013
historical_holdout,without_liphex,9,logistic,181,0.2707182320441988,0.6895485466914039,0.5152696031268174,0.7035405071119356,0.4154512341189889,0.7734806629834254,0.5869565217391305,0.5510204081632653,0.5684210526315789,,,,,,,,,,,,,,,,,classical,Logistic regression,X10 - LiPHEX,0.5935296846011131,0.7861974335188621,0.40681444209021483,0.668472351395251,0.7283049235367541,0.0604964999984076
historical_holdout,x10,10,logistic,181,0.2707182320441988,0.6890847247990105,0.5155542483289828,0.6933364254792826,0.3975145001357786,0.7679558011049724,0.5777777777777777,0.5306122448979592,0.5531914893617021,,,,,,,,,,,,,,,,,classical,Logistic regression,X10,0.5891852195423625,0.7855790043290043,0.40960213975675963,0.6564344889366043,0.7317921309733262,0.0564979000009771
historical_holdout,x10,10,random_forest,181,0.2707182320441988,0.6889301175015461,0.5182931870276156,0.644635126777984,0.3369152417420799,0.7624309392265194,0.59375,0.3877551020408163,0.4691358024691358,,,,,,,,,,,,,,,,,classical,Random forest,X10,0.5973832714904144,0.7829352195423623,0.4050739885764197,0.6541608225701107,0.7563084144638951,2.453339899999264
historical_holdout,without_n_op,9,random_forest,181,0.2707182320441988,0.6852195423623995,0.4702562905842289,0.570578231292517,0.1919445870848879,0.7292817679558011,0.5,0.2244897959183673,0.3098591549295774,,,,,,,,,,,,,,,,,classical,Random forest,X10 - n_OP,0.5977021490414348,0.765930349412492,0.3702808548886496,0.5985205035625986,0.6986068582387969,2.506881900000735
historical_holdout,without_n_op,9,rbf_svc,181,0.2707182320441988,0.6815089672232532,0.4725551002255672,0.6426252319109462,0.2817439510610403,0.712707182320442,0.4705882352941176,0.4897959183673469,0.48,,,,,,,,,,,,,,,,,classical,RBF-SVC,X10 - n_OP,0.5874961348175632,0.7696428571428572,0.37416140750159754,0.6008837623341933,0.711903252952,0.3032222999991063
historical_holdout,without_n_op,9,logistic,181,0.2707182320441988,0.6487322201607916,0.4236215518695511,0.6231447124304268,0.2198397627510601,0.6187845303867403,0.3780487804878049,0.6326530612244898,0.4732824427480916,,,,,,,,,,,,,,,,,classical,Logistic regression,X10 - n_OP,0.5530303030303031,0.743819573283859,0.3382658953757509,0.5656622936041191,0.66480149360748,0.0611642000003485
development_oof,without_n_op,9,rbf_matched,712,0.3117977528089887,0.7124379481522339,0.5804943699289185,0.6631274131274132,0.3250691326290704,0.7092696629213483,0.5333333333333333,0.5405405405405406,0.5369127516778524,0.7053263195667212,0.0978089327624807,0.5913597520124603,0.1077404238798335,0.6532432115655606,0.0823053289929814,0.3075565561096879,0.16372660916701,0.7022145874515437,0.0755237343974525,0.5234838439594871,0.1141545721566957,0.5304133517813905,0.1306158944160358,0.5252261647152846,0.1155559604718413,quantum,RBF kernel (matched),X10 - n_OP,0.6687405773120059,0.756528314028314,0.5232770028800545,0.647429914407394,,
development_oof,without_n_op,9,quantum_iqp_zz_linear,712,0.3117977528089887,0.70857694429123,0.5769072629979094,0.6627045412759698,0.326631962763504,0.7120786516853933,0.5388127853881278,0.5315315315315315,0.5351473922902494,0.7006459920202106,0.0824398365830289,0.5852493927251443,0.1167700137311634,0.6530928059631671,0.0759786483734373,0.3098927429800153,0.154129859658758,0.7041759540085983,0.0722724104159764,0.5304824507211637,0.1136127666482351,0.5229418886198547,0.1253446777102377,0.5237573691646408,0.1068542916872175,quantum,Quantum IQP-ZZ map,X10 - n_OP,0.6642280290494577,0.7504290770362197,0.5208609954694682,0.6420879203514619,,
development_oof,without_n_op,9,quantum_angle_product,712,0.3117977528089887,0.6991266776981063,0.5680164599735534,0.6582000367714653,0.3184040891717768,0.7092696629213483,0.5345622119815668,0.5225225225225225,0.5284738041002278,0.6918819039351526,0.0857952302027801,0.5811917746894004,0.0986767823897086,0.6497566492417164,0.0809994116338416,0.3062002750890633,0.1665371774750947,0.7020981552731898,0.0783118858487256,0.5324011571841851,0.1311698106954027,0.516567633008311,0.1312858560043918,0.5197742903112076,0.1138736660208013,quantum,Quantum product map,X10 - n_OP,0.6544672733958449,0.7430423791138078,0.5088951042847233,0.6334166913847439,,
development_oof,x10,10,quantum_iqp_zz_linear,712,0.3117977528089887,0.7315774958632101,0.635594931403453,0.6876447876447876,0.4583967422017894,0.7837078651685393,0.7741935483870968,0.4324324324324324,0.5549132947976878,0.7379203687874468,0.1173957702304215,0.6723272547241275,0.1266518301245911,0.6839883363008888,0.0714695942786528,0.4572792877919459,0.1610751607494521,0.7794911253489671,0.0637151111590539,0.7933333333333333,0.1979212962421498,0.4305710172296129,0.1336901588435393,0.5456208068622,0.1226124798702873,quantum,Quantum IQP-ZZ map,X10,0.6869824416252988,0.7744815223386653,0.5792478740758993,0.7004202462476734,,
development_oof,x10,10,quantum_angle_product,712,0.3117977528089887,0.7286357786357787,0.6176977300227626,0.6843721272292701,0.4504019724475352,0.7808988764044944,0.7661290322580645,0.4279279279279279,0.5491329479768786,0.734062248547618,0.1159475015030068,0.6594879544441314,0.1203903067006035,0.6801609464351854,0.0751622453537802,0.4483211933477735,0.1641272810380522,0.7765292975550528,0.0651656010525287,0.7860530091369025,0.20148771715234,0.4258574139687942,0.1444296917670569,0.5378311666546961,0.1275609556998884,quantum,Quantum product map,X10,0.6855704173561317,0.7700864129435558,0.5600968339341453,0.6869113309238678,,
development_oof,x10,10,rbf_matched,712,0.3117977528089887,0.714055892627321,0.6282477241028307,0.6921492921492921,0.4664544399426399,0.7865168539325843,0.7777777777777778,0.4414414414414414,0.5632183908045977,0.7155596773421689,0.1047452038631169,0.6529180126531282,0.1040027426549047,0.6897260975225211,0.0779784906850956,0.4628792617418609,0.1678517558494089,0.7823080267574178,0.0664254175018165,0.7855927698032962,0.1876392691234968,0.4413818280404237,0.1387018220228605,0.5541042146103783,0.1324868412186082,quantum,RBF kernel (matched),X10,0.6701721364221365,0.7569419930134215,0.5686102675283384,0.6904703023948988,,
historical_holdout,without_n_op,9,quantum_angle_product,181,0.2707182320441988,0.6906307977736549,0.4819079299333867,0.6732374768089053,0.3364791130293716,0.7292817679558011,0.5,0.5510204081632653,0.5242718446601942,,,,,,,,,,,,,,,,,quantum,Quantum product map,X10 - n_OP,0.5973948670377242,0.781079931972789,0.3796352588633197,0.6161322316080688,0.7141121083459612,2.3030702999985806
historical_holdout,without_n_op,9,quantum_iqp_zz_linear,181,0.2707182320441988,0.6832096474953617,0.4365639788986509,0.6478818800247372,0.2829317553400011,0.7016574585635359,0.4561403508771929,0.5306122448979592,0.490566037735849,,,,,,,,,,,,,,,,,quantum,Quantum IQP-ZZ map,X10 - n_OP,0.591832869511441,0.7742772108843536,0.3516377223339606,0.5800289885834513,0.7122086118370999,2.474048899999616
historical_holdout,without_n_op,9,rbf_matched,181,0.2707182320441988,0.6815089672232532,0.4725551002255672,0.6426252319109462,0.2817439510610403,0.712707182320442,0.4705882352941176,0.4897959183673469,0.48,,,,,,,,,,,,,,,,,quantum,RBF kernel (matched),X10 - n_OP,0.5873376623376624,0.7724335188620902,0.3748005002210279,0.6084857466243069,0.711903252952,1.886255999999776
historical_holdout,x10,10,rbf_matched,181,0.2707182320441988,0.7098021026592455,0.5431928229506633,0.6113945578231292,0.2822451267511167,0.7513812154696132,0.5769230769230769,0.3061224489795918,0.4,,,,,,,,,,,,,,,,,quantum,RBF kernel (matched),X10,0.6224489795918368,0.7953038033395176,0.4297581341769174,0.668449062352355,0.7334968137765239,1.8634582000013324
historical_holdout,x10,10,quantum_iqp_zz_linear,181,0.2707182320441988,0.7036178107606679,0.5053160642825982,0.5883580705009276,0.2451836952050057,0.7458563535911602,0.5714285714285714,0.2448979591836734,0.3428571428571428,,,,,,,,,,,,,,,,,quantum,Quantum IQP-ZZ map,X10,0.6144016697588125,0.7886518243661099,0.403968959193968,0.6557655069750092,0.7346729461070345,3.1164662999999564
historical_holdout,x10,10,quantum_angle_product,181,0.2707182320441988,0.7026901669758814,0.4866283887203803,0.5947742733457019,0.2528791383746653,0.7458563535911602,0.5652173913043478,0.2653061224489796,0.3611111111111111,,,,,,,,,,,,,,,,,quantum,Quantum product map,X10,0.6032660791589364,0.7900471552257265,0.3928409066603373,0.6377789289477912,0.7358127994734268,2.735622800000783
