C,FEATURE,FEATURE_INDEX,FEATURE_SCALE,INNER_AUPRC,INNER_AUROC,INNER_BALANCED_ACCURACY,INNER_MCC,OUTER_AUPRC,OUTER_AUROC,OUTER_FOLD,OUTER_MCC,SELECTION_SOURCE,THRESHOLD
0.1,MolLogP,0,0.125,0.4402758407849354,0.5992366412213741,0.5644031540978105,0.23281263438218677,0.31444816462338115,0.49536082474226806,1,0.013611940186029518,inner_OOF_outer_train_only,0.6578618827668039
0.1,MolWt,1,0.125,0.35312950730447373,0.5180004473897604,0.5520160501076532,0.15491521715807452,0.4229940498639293,0.5158505154639176,1,0.0983641233105313,inner_OOF_outer_train_only,-0.790482121980324
0.1,TPSA_SP,2,1.0,0.4456810751080796,0.6393199675642423,0.6203897883287196,0.23022572425031712,0.355794935045665,0.5676546391752577,1,0.10460034076880925,inner_OOF_outer_train_only,-0.5854147555236018
0.1,NumHDonors,3,0.125,0.3800088811109896,0.5706176774879065,0.5769929815731343,0.16382052287294424,0.26197825322825324,0.4099226804123711,1,0.0,inner_OOF_outer_train_only,1.000000055680868
100.0,NumRotatableBonds,4,0.125,0.4189467404927788,0.6364259150518693,0.6267720828789531,0.23629459569893368,0.32569767467096794,0.5278350515463918,1,0.07073488931317767,inner_OOF_outer_train_only,0.7070210520693188
1.0,NumAromaticRings,5,1.0,0.33589870347485656,0.544186729301233,0.5513170036070799,0.12013319994417489,0.334636522134627,0.5568298969072165,1,0.09458762886597938,inner_OOF_outer_train_only,-1.0003014522222435
10.0,nHalogen,6,0.25,0.35251034786824775,0.5357142857142857,0.517958504599726,0.142624985128914,0.3489181103304476,0.6036082474226804,1,0.0,inner_OOF_outer_train_only,2.200215484829333
0.1,n_OP,7,0.125,0.614070018098468,0.7056804518636579,0.696935380141487,0.5321466428312986,0.3769870235198702,0.5771907216494845,1,0.2833248842736598,inner_OOF_outer_train_only,-0.39983961234144105
10.0,LiPHEX_prediction,8,1.0,0.3651874403272775,0.5752733271817241,0.5757906215921482,0.14129948550810909,0.4124939887185909,0.5989690721649484,1,0.11041259648935832,inner_OOF_outer_train_only,0.5617763419775804
100.0,sasa002_frac_polar_hetero_only,9,0.5,0.3734860910949699,0.5729594832648267,0.5840883035539524,0.15758299823222072,0.36350473496844915,0.5692010309278351,1,0.16411787085981583,inner_OOF_outer_train_only,-0.23063712153749924
0.1,MolLogP,0,0.125,0.41078186310247,0.5604649673370052,0.5538683232996029,0.2288005211604638,0.4193737562981531,0.59181240063593,2,-0.07233187715308298,inner_OOF_outer_train_only,0.8068108279835701
100.0,MolWt,1,0.125,0.3043270189775651,0.47028307928781865,0.518848469322403,0.06200118771124011,0.3786844904204366,0.5437201907790143,2,0.26496929756624904,inner_OOF_outer_train_only,-0.9586857606874526
10.0,TPSA_SP,2,1.0,0.42560118749322123,0.6371013193288075,0.6190598181119509,0.2477991357360918,0.40644609677711235,0.49304451510333863,2,-0.001589825119236884,inner_OOF_outer_train_only,0.4028487725414276
100.0,NumHDonors,3,1.0,0.3656879095966754,0.5976367362623287,0.5876585115921609,0.16493662879033297,0.3788761243679276,0.522456279809221,2,0.10120667905107324,inner_OOF_outer_train_only,0.9999081173907554
100.0,NumRotatableBonds,4,0.125,0.41708377558747356,0.6154540796720891,0.6099462021262969,0.20507413836460095,0.46934745946178785,0.6297694753577107,2,0.06677319953257761,inner_OOF_outer_train_only,0.5120656455236823
0.1,NumAromaticRings,5,0.125,0.3799872005443243,0.554374279492763,0.5706737543230435,0.18480138971715038,0.34311652101795187,0.4799284578696344,2,-0.11280231021497004,inner_OOF_outer_train_only,1.000000019375639
100.0,nHalogen,6,0.25,0.3757702979601925,0.5684577942871781,0.5216216216216216,0.1745428020017787,0.37950717758974967,0.5099364069952306,2,0.043059875049797594,inner_OOF_outer_train_only,2.260289853191911
0.1,n_OP,7,0.125,0.5981289895014386,0.7233508389906493,0.67937748174715,0.5018264639679291,0.5335182835182836,0.6544117647058825,2,0.44907259163184227,inner_OOF_outer_train_only,-0.3948966746771432
0.1,LiPHEX_prediction,8,1.0,0.37797230852975683,0.5888305366978352,0.5826565902395286,0.15219683109848434,0.5037465129682221,0.6319554848966613,2,0.21228381453617576,inner_OOF_outer_train_only,0.525923907424311
1.0,sasa002_frac_polar_hetero_only,9,1.0,0.39762310607281226,0.5805943384142437,0.5529780965799923,0.16720515527214436,0.3236460043598385,0.41216216216216217,2,-0.05473763676449523,inner_OOF_outer_train_only,0.9568643971616778
0.1,MolLogP,0,0.125,0.40921968361352173,0.5358108108108108,0.5597439544807966,0.23578431130527683,0.5136382226430983,0.6737100737100737,3,0.0,inner_OOF_outer_train_only,0.9528024721624421
10.0,MolWt,1,0.25,0.29402142298642275,0.44261735419630166,0.5442745376955903,0.10494449265998826,0.4437352393058046,0.6457002457002458,3,0.1296849328880646,inner_OOF_outer_train_only,-0.8553482781309669
0.1,TPSA_SP,2,0.25,0.35076409760589883,0.5113940256045519,0.5490398293029872,0.1252122273208179,0.3401795630411978,0.5514742014742015,3,0.02714959920700004,inner_OOF_outer_train_only,0.9656439626408284
1.0,NumHDonors,3,0.125,0.4088364020138762,0.6084637268847795,0.6075391180654339,0.2039694780251475,0.27516360623909675,0.5346437346437346,3,0.0,inner_OOF_outer_train_only,0.9999992434153844
100.0,NumRotatableBonds,4,0.125,0.3979954007245029,0.6134921763869132,0.6186344238975818,0.22353181429024935,0.32122955874221654,0.5695331695331695,3,0.13848691770303814,inner_OOF_outer_train_only,0.7027093120518764
0.1,NumAromaticRings,5,0.125,0.34888663877676235,0.5323541963015648,0.5545163584637269,0.10598303561967347,0.37832708636280066,0.5945945945945947,3,0.0,inner_OOF_outer_train_only,0.8951312003985646
1.0,nHalogen,6,0.25,0.3850224245818984,0.5727667140825037,0.5783783783783784,0.1478267383973292,0.27224500716870753,0.4874692874692875,3,0.14269838324944914,inner_OOF_outer_train_only,1.0000001084556738
0.1,n_OP,7,0.125,0.5572419634439403,0.614317211948791,0.6731863442389758,0.48459320662955974,0.5046607832322119,0.6842751842751844,3,0.5294551546423042,inner_OOF_outer_train_only,-0.44680976029185543
10.0,LiPHEX_prediction,8,1.0,0.43323355447752415,0.6310810810810811,0.6137268847795163,0.23516716891750122,0.23150739478180388,0.4371007371007371,3,-0.11313717015467332,inner_OOF_outer_train_only,0.8458863711444855
1.0,sasa002_frac_polar_hetero_only,9,0.25,0.35976541503935766,0.5401280227596017,0.5695590327169275,0.13367113788530566,0.32183062440317667,0.531941031941032,3,0.1883590068967117,inner_OOF_outer_train_only,0.3515484324711431
0.1,MolLogP,0,0.25,0.3536896697989601,0.5414943985062683,0.5285326086956522,0.1350499576030787,0.6250362775715843,0.70755765490414,4,0.06292823232400936,inner_OOF_outer_train_only,-0.6927632244097371
0.1,MolWt,1,0.125,0.35815373502690023,0.5258985729527874,0.5218224859962657,0.1480925014894362,0.3768741088213704,0.5253542650736316,4,0.0,inner_OOF_outer_train_only,0.7532403221281634
10.0,TPSA_SP,2,0.125,0.4123793739821698,0.6250416777807415,0.5930164710589491,0.20114767775160533,0.31685058031184604,0.48256460127813283,4,0.02067284555511291,inner_OOF_outer_train_only,0.6102451532531337
0.1,NumHDonors,3,0.25,0.32408007067794914,0.528257535342758,0.5411192984795946,0.07931720814999968,0.4935677764265225,0.7156154487357599,4,0.4089389984784348,inner_OOF_outer_train_only,0.9655096340016798
10.0,NumRotatableBonds,4,0.5,0.38140601896466964,0.5971592424646571,0.596334022405975,0.18236945954390127,0.4265610440937296,0.6510141706029452,4,0.22789076583109238,inner_OOF_outer_train_only,0.5218440532813403
0.1,NumAromaticRings,5,0.125,0.31365091777398063,0.5055098026140304,0.527273939717258,0.06564331972981373,0.4248353773083123,0.5837038066129481,4,0.0,inner_OOF_outer_train_only,-0.5821378692090055
100.0,nHalogen,6,0.25,0.3699940325994594,0.5690184049079755,0.5694518538276874,0.13061559464715972,0.35942390431209437,0.5473742706307307,4,0.06230148842075033,inner_OOF_outer_train_only,0.9970225587708832
0.1,n_OP,7,0.125,0.5686154997211387,0.6737296612429982,0.6837406641771139,0.5010182046881638,0.5316040827792864,0.652542372881356,4,0.47785524788666633,inner_OOF_outer_train_only,-0.4243375561237221
1.0,LiPHEX_prediction,8,1.0,0.3829552097362185,0.5844725260069352,0.5248899706588424,0.16120335546675946,0.30933028605508606,0.4829119199777716,4,0.0,inner_OOF_outer_train_only,1.0286676323264123
0.1,sasa002_frac_polar_hetero_only,9,0.125,0.3845207816927866,0.5787960122699386,0.5770205388103494,0.16567095586717187,0.3140290083779539,0.43393998332870237,4,-0.0848605520288522,inner_OOF_outer_train_only,0.41082122707763374
0.1,MolLogP,0,0.25,0.45778653119877155,0.6213945632707736,0.5797454900190737,0.25467591780877397,0.3571923586731613,0.5244678516567918,5,0.054377236360377064,inner_OOF_outer_train_only,0.6448490711585663
0.1,MolWt,1,0.125,0.3763791534328621,0.5282756511990215,0.5218619414394083,0.16126285411546595,0.4009105059902526,0.5850340136054422,5,0.0,inner_OOF_outer_train_only,0.7824176221729826
0.1,TPSA_SP,2,1.0,0.371890875501489,0.5949898807530467,0.5947860398072247,0.1765347018773387,0.593205950416948,0.7329383366249725,5,0.26198211743641975,inner_OOF_outer_train_only,-0.40902712286075804
10.0,NumHDonors,3,0.125,0.35302667011212996,0.5815946185990303,0.5756541110350752,0.1392042923415874,0.4510029712500175,0.662716699583059,5,0.3101083807632595,inner_OOF_outer_train_only,0.9996026289482494
0.1,NumRotatableBonds,4,0.5,0.4054824608637045,0.6094334677712905,0.5938833156185844,0.1727121521183103,0.44204719283849403,0.6318850120693439,5,0.2234467010614093,inner_OOF_outer_train_only,-0.18257231144182462
0.1,NumAromaticRings,5,0.125,0.3906624176769657,0.5809466955926675,0.5911096227486495,0.18828800398071657,0.328807528640188,0.468180820715383,5,0.0,inner_OOF_outer_train_only,0.8497265669704108
100.0,nHalogen,6,0.5,0.33861641519272284,0.5379944962944627,0.5164528763413462,0.11523810835991848,0.38272883739314156,0.5475093263111697,5,0.0,inner_OOF_outer_train_only,1.6031088505207371
10.0,n_OP,7,0.5,0.5374258267792037,0.6679066990870838,0.6423610605553209,0.44335800688691324,0.678928821848842,0.7869212201009437,5,0.6528109491516051,inner_OOF_outer_train_only,0.9995401195346909
100.0,LiPHEX_prediction,8,1.0,0.33134440608715954,0.5532680071635532,0.5632998937115068,0.12009305004899384,0.49099752528863505,0.6466973886328726,5,0.23104429874354201,inner_OOF_outer_train_only,0.2256025613703846
0.1,sasa002_frac_polar_hetero_only,9,1.0,0.3684219319373939,0.5463155749042676,0.5401712263944904,0.15597016724043009,0.5036930158918228,0.6416502084704849,5,0.1221441953484472,inner_OOF_outer_train_only,0.96338891837504
