DIAGONAL_ERROR,FEATURE_SCALE,INNER_FOLD,MIN_EIGENVALUE,MODEL,N,OUTER_FOLD,PASS,STAGE,SYMMETRY_ERROR
4.440892098500626e-16,0.125,1,1.3670221822643452e-16,quantum_iqp_zz_linear,431,1,True,nested_hpo,7.771561172376096e-16
4.440892098500626e-16,0.25,1,1.8310351031323538e-16,quantum_iqp_zz_linear,431,1,True,nested_hpo,5.551115123125783e-16
4.440892098500626e-16,0.5,1,-2.036990924360328e-16,quantum_iqp_zz_linear,431,1,True,nested_hpo,2.7755575615628914e-16
4.440892098500626e-16,1.0,1,-1.5214468801790727e-15,quantum_iqp_zz_linear,431,1,True,nested_hpo,2.7755575615628914e-17
6.661338147750939e-16,0.125,2,4.577373296062127e-09,quantum_iqp_zz_linear,431,1,True,nested_hpo,8.881784197001252e-16
4.440892098500626e-16,0.25,2,9.159510461672522e-07,quantum_iqp_zz_linear,431,1,True,nested_hpo,7.771561172376096e-16
4.440892098500626e-16,0.5,2,6.138973368092557e-05,quantum_iqp_zz_linear,431,1,True,nested_hpo,5.551115123125783e-16
4.440892098500626e-16,1.0,2,0.0009178643473543406,quantum_iqp_zz_linear,431,1,True,nested_hpo,2.220446049250313e-16
4.440892098500626e-16,0.125,3,2.3842301115096935e-16,quantum_iqp_zz_linear,431,1,True,nested_hpo,8.881784197001252e-16
4.440892098500626e-16,0.25,3,-1.7282948562155828e-16,quantum_iqp_zz_linear,431,1,True,nested_hpo,7.771561172376096e-16
4.440892098500626e-16,0.5,3,6.863378791750369e-16,quantum_iqp_zz_linear,431,1,True,nested_hpo,1.1102230246251565e-15
4.440892098500626e-16,1.0,3,-1.547373340571312e-15,quantum_iqp_zz_linear,431,1,True,nested_hpo,3.3306690738754696e-16
6.661338147750939e-16,0.125,4,1.2202517416231102e-09,quantum_iqp_zz_linear,432,1,True,nested_hpo,0.0
4.440892098500626e-16,0.25,4,2.458821542927856e-07,quantum_iqp_zz_linear,432,1,True,nested_hpo,0.0
4.440892098500626e-16,0.5,4,2.095599665505377e-05,quantum_iqp_zz_linear,432,1,True,nested_hpo,0.0
4.440892098500626e-16,1.0,4,0.00027315755864565496,quantum_iqp_zz_linear,432,1,True,nested_hpo,0.0
6.661338147750939e-16,0.125,all,-1.1107986397740274e-16,quantum_iqp_zz_linear,575,1,True,nested_outer_fit,9.992007221626409e-16
4.440892098500626e-16,0.125,1,-8.578637797083537e-17,quantum_iqp_zz_linear,457,2,True,nested_hpo,5.551115123125783e-16
6.661338147750939e-16,0.25,1,3.883439528753999e-16,quantum_iqp_zz_linear,457,2,True,nested_hpo,2.220446049250313e-16
4.440892098500626e-16,0.5,1,9.866431654833973e-17,quantum_iqp_zz_linear,457,2,True,nested_hpo,4.163336342344337e-17
4.440892098500626e-16,1.0,1,8.048128114971559e-16,quantum_iqp_zz_linear,457,2,True,nested_hpo,1.0408340855860843e-17
6.661338147750939e-16,0.125,2,1.559628050136498e-09,quantum_iqp_zz_linear,455,2,True,nested_hpo,8.881784197001252e-16
6.661338147750939e-16,0.25,2,4.7317569404398023e-07,quantum_iqp_zz_linear,455,2,True,nested_hpo,6.661338147750939e-16
4.440892098500626e-16,0.5,2,6.308350290040974e-05,quantum_iqp_zz_linear,455,2,True,nested_hpo,5.551115123125783e-16
4.440892098500626e-16,1.0,2,0.0009607036828018653,quantum_iqp_zz_linear,455,2,True,nested_hpo,2.220446049250313e-16
4.440892098500626e-16,0.125,3,1.805370120885682e-09,quantum_iqp_zz_linear,453,2,True,nested_hpo,6.661338147750939e-16
4.440892098500626e-16,0.25,3,5.406740485886289e-07,quantum_iqp_zz_linear,453,2,True,nested_hpo,2.220446049250313e-16
4.440892098500626e-16,0.5,3,0.00011352486725506763,quantum_iqp_zz_linear,453,2,True,nested_hpo,1.3877787807814457e-16
4.440892098500626e-16,1.0,3,0.0012463791890182383,quantum_iqp_zz_linear,453,2,True,nested_hpo,2.7755575615628914e-17
6.661338147750939e-16,0.125,4,-3.7643283507960866e-17,quantum_iqp_zz_linear,456,2,True,nested_hpo,0.0
4.440892098500626e-16,0.25,4,-8.667558187955347e-17,quantum_iqp_zz_linear,456,2,True,nested_hpo,0.0
4.440892098500626e-16,0.5,4,1.0852101416923316e-15,quantum_iqp_zz_linear,456,2,True,nested_hpo,0.0
4.440892098500626e-16,1.0,4,-2.8448338452200005e-15,quantum_iqp_zz_linear,456,2,True,nested_hpo,0.0
4.440892098500626e-16,0.125,all,2.2248003631120267e-19,quantum_iqp_zz_linear,607,2,True,nested_outer_fit,8.881784197001252e-16
6.661338147750939e-16,0.125,1,6.611349806374325e-17,quantum_iqp_zz_linear,424,3,True,nested_hpo,0.0
6.661338147750939e-16,0.25,1,-3.8428120880928525e-17,quantum_iqp_zz_linear,424,3,True,nested_hpo,0.0
4.440892098500626e-16,0.5,1,1.7268383492119238e-16,quantum_iqp_zz_linear,424,3,True,nested_hpo,0.0
4.440892098500626e-16,1.0,1,8.600805840019768e-16,quantum_iqp_zz_linear,424,3,True,nested_hpo,0.0
6.661338147750939e-16,0.125,2,1.7630963186732602e-09,quantum_iqp_zz_linear,422,3,True,nested_hpo,7.771561172376096e-16
6.661338147750939e-16,0.25,2,3.333323555016936e-07,quantum_iqp_zz_linear,422,3,True,nested_hpo,7.771561172376096e-16
4.440892098500626e-16,0.5,2,2.5781621006116298e-05,quantum_iqp_zz_linear,422,3,True,nested_hpo,7.771561172376096e-16
4.440892098500626e-16,1.0,2,0.0002839100641435857,quantum_iqp_zz_linear,422,3,True,nested_hpo,1.249000902703301e-16
6.661338147750939e-16,0.125,3,1.659836180152965e-18,quantum_iqp_zz_linear,424,3,True,nested_hpo,0.0
4.440892098500626e-16,0.25,3,5.1342130088489885e-17,quantum_iqp_zz_linear,424,3,True,nested_hpo,0.0
4.440892098500626e-16,0.5,3,-9.105344779144457e-17,quantum_iqp_zz_linear,424,3,True,nested_hpo,0.0
4.440892098500626e-16,1.0,3,-2.5391987966366846e-15,quantum_iqp_zz_linear,424,3,True,nested_hpo,0.0
6.661338147750939e-16,0.125,4,1.6682309378830255e-16,quantum_iqp_zz_linear,425,3,True,nested_hpo,7.771561172376096e-16
6.661338147750939e-16,0.25,4,6.085536195494122e-17,quantum_iqp_zz_linear,425,3,True,nested_hpo,7.771561172376096e-16
4.440892098500626e-16,0.5,4,5.146058328385433e-16,quantum_iqp_zz_linear,425,3,True,nested_hpo,7.771561172376096e-16
4.440892098500626e-16,1.0,4,1.217879130674219e-15,quantum_iqp_zz_linear,425,3,True,nested_hpo,3.3306690738754696e-16
6.661338147750939e-16,0.125,all,2.2242697030103677e-16,quantum_iqp_zz_linear,565,3,True,nested_outer_fit,6.661338147750939e-16
6.661338147750939e-16,0.125,1,1.5768432020839119e-09,quantum_iqp_zz_linear,399,4,True,nested_hpo,8.881784197001252e-16
4.440892098500626e-16,0.25,1,2.942750556918571e-07,quantum_iqp_zz_linear,399,4,True,nested_hpo,6.661338147750939e-16
4.440892098500626e-16,0.5,1,2.5277662913373546e-05,quantum_iqp_zz_linear,399,4,True,nested_hpo,2.7755575615628914e-16
4.440892098500626e-16,1.0,1,0.0003434869941238817,quantum_iqp_zz_linear,399,4,True,nested_hpo,4.163336342344337e-17
6.661338147750939e-16,0.125,2,1.5394190302196843e-09,quantum_iqp_zz_linear,398,4,True,nested_hpo,7.771561172376096e-16
4.440892098500626e-16,0.25,2,4.054016683613456e-07,quantum_iqp_zz_linear,398,4,True,nested_hpo,5.551115123125783e-16
4.440892098500626e-16,0.5,2,7.444355745412578e-05,quantum_iqp_zz_linear,398,4,True,nested_hpo,1.6653345369377348e-16
4.440892098500626e-16,1.0,2,0.002914497707068196,quantum_iqp_zz_linear,398,4,True,nested_hpo,6.938893903907228e-17
6.661338147750939e-16,0.125,3,1.1612515079667371e-09,quantum_iqp_zz_linear,397,4,True,nested_hpo,5.551115123125783e-16
6.661338147750939e-16,0.25,3,2.375301407113366e-07,quantum_iqp_zz_linear,397,4,True,nested_hpo,3.3306690738754696e-16
4.440892098500626e-16,0.5,3,2.3612922742665443e-05,quantum_iqp_zz_linear,397,4,True,nested_hpo,6.938893903907228e-17
2.220446049250313e-16,1.0,3,0.0003184726677176421,quantum_iqp_zz_linear,397,4,True,nested_hpo,1.0408340855860843e-17
8.881784197001252e-16,0.125,4,1.2310238404066406e-09,quantum_iqp_zz_linear,399,4,True,nested_hpo,8.881784197001252e-16
6.661338147750939e-16,0.25,4,2.3238311301002404e-07,quantum_iqp_zz_linear,399,4,True,nested_hpo,6.661338147750939e-16
4.440892098500626e-16,0.5,4,2.1459924314684642e-05,quantum_iqp_zz_linear,399,4,True,nested_hpo,4.440892098500626e-16
4.440892098500626e-16,1.0,4,0.00032511127668265183,quantum_iqp_zz_linear,399,4,True,nested_hpo,1.1102230246251565e-16
4.440892098500626e-16,0.5,all,1.787812612531655e-05,quantum_iqp_zz_linear,531,4,True,nested_outer_fit,2.220446049250313e-16
6.661338147750939e-16,0.125,1,-5.336768185513566e-16,quantum_iqp_zz_linear,429,5,True,nested_hpo,8.881784197001252e-16
4.440892098500626e-16,0.25,1,9.887759244246557e-17,quantum_iqp_zz_linear,429,5,True,nested_hpo,1.1102230246251565e-15
4.440892098500626e-16,0.5,1,-1.509526680984626e-15,quantum_iqp_zz_linear,429,5,True,nested_hpo,6.661338147750939e-16
4.440892098500626e-16,1.0,1,1.3294499115854179e-15,quantum_iqp_zz_linear,429,5,True,nested_hpo,2.220446049250313e-16
6.661338147750939e-16,0.125,2,-5.446492857334481e-16,quantum_iqp_zz_linear,427,5,True,nested_hpo,8.881784197001252e-16
4.440892098500626e-16,0.25,2,3.109386709451401e-17,quantum_iqp_zz_linear,427,5,True,nested_hpo,6.661338147750939e-16
4.440892098500626e-16,0.5,2,-1.899548174051227e-17,quantum_iqp_zz_linear,427,5,True,nested_hpo,2.220446049250313e-16
4.440892098500626e-16,1.0,2,2.6617021985884476e-15,quantum_iqp_zz_linear,427,5,True,nested_hpo,6.938893903907228e-17
6.661338147750939e-16,0.125,3,1.4885334223755928e-09,quantum_iqp_zz_linear,425,5,True,nested_hpo,7.771561172376096e-16
4.440892098500626e-16,0.25,3,3.503488877753447e-07,quantum_iqp_zz_linear,425,5,True,nested_hpo,2.7755575615628914e-16
4.440892098500626e-16,0.5,3,3.2722306602878065e-05,quantum_iqp_zz_linear,425,5,True,nested_hpo,3.469446951953614e-17
4.440892098500626e-16,1.0,3,0.00039495258407332146,quantum_iqp_zz_linear,425,5,True,nested_hpo,9.540979117872439e-18
4.440892098500626e-16,0.125,4,2.9210007992146864e-16,quantum_iqp_zz_linear,429,5,True,nested_hpo,7.771561172376096e-16
4.440892098500626e-16,0.25,4,-5.607988044464007e-16,quantum_iqp_zz_linear,429,5,True,nested_hpo,3.885780586188048e-16
4.440892098500626e-16,0.5,4,-4.804572969358889e-16,quantum_iqp_zz_linear,429,5,True,nested_hpo,2.0816681711721685e-17
4.440892098500626e-16,1.0,4,5.921329145013759e-16,quantum_iqp_zz_linear,429,5,True,nested_hpo,1.734723475976807e-17
8.881784197001252e-16,0.125,all,6.71420432650702e-20,quantum_iqp_zz_linear,570,5,True,nested_outer_fit,7.771561172376096e-16
0.0,0.125,1,-4.931349546082827e-17,iqp_zz_current_20q_duplicate,431,1,True,nested_hpo,0.0
0.0,0.25,1,-3.6065277285000175e-16,iqp_zz_current_20q_duplicate,431,1,True,nested_hpo,0.0
0.0,0.5,1,-3.547509548769691e-16,iqp_zz_current_20q_duplicate,431,1,True,nested_hpo,0.0
0.0,1.0,1,-1.604264308473647e-15,iqp_zz_current_20q_duplicate,431,1,True,nested_hpo,0.0
0.0,0.125,2,9.645881850052934e-08,iqp_zz_current_20q_duplicate,431,1,True,nested_hpo,0.0
0.0,0.25,2,1.177928712994361e-05,iqp_zz_current_20q_duplicate,431,1,True,nested_hpo,0.0
0.0,0.5,2,0.00046802020598744507,iqp_zz_current_20q_duplicate,431,1,True,nested_hpo,0.0
0.0,1.0,2,0.007148157704575272,iqp_zz_current_20q_duplicate,431,1,True,nested_hpo,0.0
0.0,0.125,3,-5.381826006059622e-16,iqp_zz_current_20q_duplicate,431,1,True,nested_hpo,0.0
0.0,0.25,3,-1.4275525719162924e-16,iqp_zz_current_20q_duplicate,431,1,True,nested_hpo,0.0
0.0,0.5,3,-2.2400362272546582e-15,iqp_zz_current_20q_duplicate,431,1,True,nested_hpo,0.0
0.0,1.0,3,-4.718447854656915e-16,iqp_zz_current_20q_duplicate,431,1,True,nested_hpo,0.0
0.0,0.125,4,2.257619327081767e-08,iqp_zz_current_20q_duplicate,432,1,True,nested_hpo,0.0
0.0,0.25,4,3.051863571326386e-06,iqp_zz_current_20q_duplicate,432,1,True,nested_hpo,0.0
0.0,0.5,4,9.191814683657752e-05,iqp_zz_current_20q_duplicate,432,1,True,nested_hpo,0.0
0.0,1.0,4,0.0007194371608444106,iqp_zz_current_20q_duplicate,432,1,True,nested_hpo,0.0
0.0,0.125,all,-2.0917034449736763e-16,iqp_zz_current_20q_duplicate,575,1,True,nested_outer_fit,0.0
0.0,0.125,1,-1.157262391450234e-16,iqp_zz_current_20q_complementary_signed_sqrt,431,1,True,nested_hpo,0.0
0.0,0.25,1,5.109945856710619e-16,iqp_zz_current_20q_complementary_signed_sqrt,431,1,True,nested_hpo,0.0
0.0,0.5,1,-4.779170195057179e-16,iqp_zz_current_20q_complementary_signed_sqrt,431,1,True,nested_hpo,0.0
0.0,1.0,1,-1.0313407304290896e-15,iqp_zz_current_20q_complementary_signed_sqrt,431,1,True,nested_hpo,0.0
0.0,0.125,2,9.710724300621561e-08,iqp_zz_current_20q_complementary_signed_sqrt,431,1,True,nested_hpo,0.0
0.0,0.25,2,6.18206609116206e-06,iqp_zz_current_20q_complementary_signed_sqrt,431,1,True,nested_hpo,0.0
0.0,0.5,2,0.00018468122779688112,iqp_zz_current_20q_complementary_signed_sqrt,431,1,True,nested_hpo,0.0
0.0,1.0,2,0.0028848795881464273,iqp_zz_current_20q_complementary_signed_sqrt,431,1,True,nested_hpo,0.0
0.0,0.125,3,8.469150955168904e-17,iqp_zz_current_20q_complementary_signed_sqrt,431,1,True,nested_hpo,0.0
0.0,0.25,3,-1.6222552222158847e-16,iqp_zz_current_20q_complementary_signed_sqrt,431,1,True,nested_hpo,0.0
0.0,0.5,3,1.8400785423783178e-16,iqp_zz_current_20q_complementary_signed_sqrt,431,1,True,nested_hpo,0.0
0.0,1.0,3,3.5764611166109545e-16,iqp_zz_current_20q_complementary_signed_sqrt,431,1,True,nested_hpo,0.0
0.0,0.125,4,6.665143144284841e-08,iqp_zz_current_20q_complementary_signed_sqrt,432,1,True,nested_hpo,0.0
0.0,0.25,4,4.249899438685536e-06,iqp_zz_current_20q_complementary_signed_sqrt,432,1,True,nested_hpo,0.0
0.0,0.5,4,9.424868046900483e-05,iqp_zz_current_20q_complementary_signed_sqrt,432,1,True,nested_hpo,0.0
0.0,1.0,4,0.0007228414569963016,iqp_zz_current_20q_complementary_signed_sqrt,432,1,True,nested_hpo,0.0
0.0,0.125,all,-2.0992022495561464e-17,iqp_zz_current_20q_complementary_signed_sqrt,575,1,True,nested_outer_fit,0.0
0.0,0.125,1,-2.7887961055978978e-18,iqp_zz_current_20q_duplicate,457,2,True,nested_hpo,0.0
0.0,0.25,1,-2.854962665203247e-16,iqp_zz_current_20q_duplicate,457,2,True,nested_hpo,0.0
0.0,0.5,1,3.122502256749518e-17,iqp_zz_current_20q_duplicate,457,2,True,nested_hpo,0.0
0.0,1.0,1,6.7091630861448444e-15,iqp_zz_current_20q_duplicate,457,2,True,nested_hpo,0.0
0.0,0.125,2,3.8999476911801014e-08,iqp_zz_current_20q_duplicate,455,2,True,nested_hpo,0.0
0.0,0.25,2,8.902885728084752e-06,iqp_zz_current_20q_duplicate,455,2,True,nested_hpo,0.0
0.0,0.5,2,0.00048231669152883446,iqp_zz_current_20q_duplicate,455,2,True,nested_hpo,0.0
0.0,1.0,2,0.007586123681912437,iqp_zz_current_20q_duplicate,455,2,True,nested_hpo,0.0
0.0,0.125,3,4.7552868402509686e-08,iqp_zz_current_20q_duplicate,453,2,True,nested_hpo,0.0
0.0,0.25,3,1.0183929449491867e-05,iqp_zz_current_20q_duplicate,453,2,True,nested_hpo,0.0
0.0,0.5,3,0.0007870098368298096,iqp_zz_current_20q_duplicate,453,2,True,nested_hpo,0.0
0.0,1.0,3,0.011002093013682272,iqp_zz_current_20q_duplicate,453,2,True,nested_hpo,0.0
0.0,0.125,4,-1.0742506581661101e-16,iqp_zz_current_20q_duplicate,456,2,True,nested_hpo,0.0
0.0,0.25,4,1.7621937238047968e-16,iqp_zz_current_20q_duplicate,456,2,True,nested_hpo,0.0
0.0,0.5,4,-7.269927535562109e-16,iqp_zz_current_20q_duplicate,456,2,True,nested_hpo,0.0
0.0,1.0,4,-1.060503547566342e-15,iqp_zz_current_20q_duplicate,456,2,True,nested_hpo,0.0
0.0,0.125,all,2.701974965452172e-16,iqp_zz_current_20q_duplicate,607,2,True,nested_outer_fit,0.0
0.0,0.125,1,3.9769374778781676e-17,iqp_zz_current_20q_complementary_signed_sqrt,457,2,True,nested_hpo,0.0
0.0,0.25,1,2.065471755575518e-16,iqp_zz_current_20q_complementary_signed_sqrt,457,2,True,nested_hpo,0.0
0.0,0.5,1,1.0972125936409181e-15,iqp_zz_current_20q_complementary_signed_sqrt,457,2,True,nested_hpo,0.0
0.0,1.0,1,-6.522560269673443e-16,iqp_zz_current_20q_complementary_signed_sqrt,457,2,True,nested_hpo,0.0
0.0,0.125,2,1.0013363917333076e-07,iqp_zz_current_20q_complementary_signed_sqrt,455,2,True,nested_hpo,0.0
0.0,0.25,2,6.5884261735825455e-06,iqp_zz_current_20q_complementary_signed_sqrt,455,2,True,nested_hpo,0.0
0.0,0.5,2,0.0001929338523391684,iqp_zz_current_20q_complementary_signed_sqrt,455,2,True,nested_hpo,0.0
0.0,1.0,2,0.0030697448208052624,iqp_zz_current_20q_complementary_signed_sqrt,455,2,True,nested_hpo,0.0
0.0,0.125,3,2.8189591982367704e-07,iqp_zz_current_20q_complementary_signed_sqrt,453,2,True,nested_hpo,0.0
0.0,0.25,3,1.5461228193046358e-05,iqp_zz_current_20q_complementary_signed_sqrt,453,2,True,nested_hpo,0.0
0.0,0.5,3,0.0003600511040114014,iqp_zz_current_20q_complementary_signed_sqrt,453,2,True,nested_hpo,0.0
0.0,1.0,3,0.00393962473501709,iqp_zz_current_20q_complementary_signed_sqrt,453,2,True,nested_hpo,0.0
0.0,0.125,4,1.3300077314809491e-16,iqp_zz_current_20q_complementary_signed_sqrt,456,2,True,nested_hpo,0.0
0.0,0.25,4,2.0448739878507475e-16,iqp_zz_current_20q_complementary_signed_sqrt,456,2,True,nested_hpo,0.0
0.0,0.5,4,-1.6134182086056288e-16,iqp_zz_current_20q_complementary_signed_sqrt,456,2,True,nested_hpo,0.0
0.0,1.0,4,9.749145934989656e-16,iqp_zz_current_20q_complementary_signed_sqrt,456,2,True,nested_hpo,0.0
0.0,0.125,all,-3.340903247449848e-17,iqp_zz_current_20q_complementary_signed_sqrt,607,2,True,nested_outer_fit,0.0
0.0,0.125,1,1.1142730425807566e-16,iqp_zz_current_20q_duplicate,424,3,True,nested_hpo,0.0
0.0,0.25,1,5.928617338235607e-17,iqp_zz_current_20q_duplicate,424,3,True,nested_hpo,0.0
0.0,0.5,1,1.4876730955892698e-15,iqp_zz_current_20q_duplicate,424,3,True,nested_hpo,0.0
0.0,1.0,1,-3.3405859017080358e-15,iqp_zz_current_20q_duplicate,424,3,True,nested_hpo,0.0
0.0,0.125,2,3.180509860398672e-08,iqp_zz_current_20q_duplicate,422,3,True,nested_hpo,0.0
0.0,0.25,2,4.190079429192113e-06,iqp_zz_current_20q_duplicate,422,3,True,nested_hpo,0.0
0.0,0.5,2,0.00010864758086271113,iqp_zz_current_20q_duplicate,422,3,True,nested_hpo,0.0
0.0,1.0,2,0.0007488619575046519,iqp_zz_current_20q_duplicate,422,3,True,nested_hpo,0.0
0.0,0.125,3,7.818247124197507e-17,iqp_zz_current_20q_duplicate,424,3,True,nested_hpo,0.0
0.0,0.25,3,8.068378746612378e-16,iqp_zz_current_20q_duplicate,424,3,True,nested_hpo,0.0
0.0,0.5,3,-8.888294246277996e-16,iqp_zz_current_20q_duplicate,424,3,True,nested_hpo,0.0
0.0,1.0,3,1.7205355497424e-15,iqp_zz_current_20q_duplicate,424,3,True,nested_hpo,0.0
0.0,0.125,4,-4.520448174218157e-16,iqp_zz_current_20q_duplicate,425,3,True,nested_hpo,0.0
0.0,0.25,4,7.705014028872605e-16,iqp_zz_current_20q_duplicate,425,3,True,nested_hpo,0.0
0.0,0.5,4,-9.906462171608371e-17,iqp_zz_current_20q_duplicate,425,3,True,nested_hpo,0.0
0.0,1.0,4,4.064023423344665e-15,iqp_zz_current_20q_duplicate,425,3,True,nested_hpo,0.0
0.0,0.125,all,-1.7757754896000714e-16,iqp_zz_current_20q_duplicate,565,3,True,nested_outer_fit,0.0
0.0,0.125,1,-6.506574865083177e-17,iqp_zz_current_20q_complementary_signed_sqrt,424,3,True,nested_hpo,0.0
0.0,0.25,1,1.5865265915251947e-16,iqp_zz_current_20q_complementary_signed_sqrt,424,3,True,nested_hpo,0.0
0.0,0.5,1,-1.899467996540598e-15,iqp_zz_current_20q_complementary_signed_sqrt,424,3,True,nested_hpo,0.0
0.0,1.0,1,-2.2884104796701973e-15,iqp_zz_current_20q_complementary_signed_sqrt,424,3,True,nested_hpo,0.0
0.0,0.125,2,7.800837696259305e-08,iqp_zz_current_20q_complementary_signed_sqrt,422,3,True,nested_hpo,0.0
0.0,0.25,2,4.9230445191993445e-06,iqp_zz_current_20q_complementary_signed_sqrt,422,3,True,nested_hpo,0.0
0.0,0.5,2,0.00010700106433924522,iqp_zz_current_20q_complementary_signed_sqrt,422,3,True,nested_hpo,0.0
0.0,1.0,2,0.0007593077846187735,iqp_zz_current_20q_complementary_signed_sqrt,422,3,True,nested_hpo,0.0
0.0,0.125,3,2.8452198565636913e-16,iqp_zz_current_20q_complementary_signed_sqrt,424,3,True,nested_hpo,0.0
0.0,0.25,3,-1.9903155697912828e-16,iqp_zz_current_20q_complementary_signed_sqrt,424,3,True,nested_hpo,0.0
0.0,0.5,3,6.357382940197258e-16,iqp_zz_current_20q_complementary_signed_sqrt,424,3,True,nested_hpo,0.0
0.0,1.0,3,1.4511503977632234e-15,iqp_zz_current_20q_complementary_signed_sqrt,424,3,True,nested_hpo,0.0
0.0,0.125,4,1.5437545316743577e-16,iqp_zz_current_20q_complementary_signed_sqrt,425,3,True,nested_hpo,0.0
0.0,0.25,4,-2.920630735472115e-16,iqp_zz_current_20q_complementary_signed_sqrt,425,3,True,nested_hpo,0.0
0.0,0.5,4,1.334637780476362e-15,iqp_zz_current_20q_complementary_signed_sqrt,425,3,True,nested_hpo,0.0
0.0,1.0,4,1.3609685107291828e-15,iqp_zz_current_20q_complementary_signed_sqrt,425,3,True,nested_hpo,0.0
0.0,0.125,all,1.6865504499201808e-16,iqp_zz_current_20q_complementary_signed_sqrt,565,3,True,nested_outer_fit,0.0
0.0,0.125,1,2.8405145245104354e-08,iqp_zz_current_20q_duplicate,399,4,True,nested_hpo,0.0
0.0,0.25,1,3.518197661006194e-06,iqp_zz_current_20q_duplicate,399,4,True,nested_hpo,0.0
0.0,0.5,1,0.00010831125898571879,iqp_zz_current_20q_duplicate,399,4,True,nested_hpo,0.0
0.0,1.0,1,0.0008754177520738099,iqp_zz_current_20q_duplicate,399,4,True,nested_hpo,0.0
0.0,0.125,2,3.812744115771163e-08,iqp_zz_current_20q_duplicate,398,4,True,nested_hpo,0.0
0.0,0.25,2,7.21962896268259e-06,iqp_zz_current_20q_duplicate,398,4,True,nested_hpo,0.0
0.0,0.5,2,0.0005174376343978008,iqp_zz_current_20q_duplicate,398,4,True,nested_hpo,0.0
0.0,1.0,2,0.008959100042288122,iqp_zz_current_20q_duplicate,398,4,True,nested_hpo,0.0
0.0,0.125,3,2.2588087907777612e-08,iqp_zz_current_20q_duplicate,397,4,True,nested_hpo,0.0
0.0,0.25,3,3.2358892261986215e-06,iqp_zz_current_20q_duplicate,397,4,True,nested_hpo,0.0
0.0,0.5,3,0.00010188635978576144,iqp_zz_current_20q_duplicate,397,4,True,nested_hpo,0.0
0.0,1.0,3,0.0007738091823718202,iqp_zz_current_20q_duplicate,397,4,True,nested_hpo,0.0
0.0,0.125,4,2.392817793738809e-08,iqp_zz_current_20q_duplicate,399,4,True,nested_hpo,0.0
0.0,0.25,4,3.160911770093658e-06,iqp_zz_current_20q_duplicate,399,4,True,nested_hpo,0.0
0.0,0.5,4,0.00010627628601405867,iqp_zz_current_20q_duplicate,399,4,True,nested_hpo,0.0
0.0,1.0,4,0.0008854433541587436,iqp_zz_current_20q_duplicate,399,4,True,nested_hpo,0.0
0.0,0.25,all,2.199786278423544e-06,iqp_zz_current_20q_duplicate,531,4,True,nested_outer_fit,0.0
0.0,0.125,1,9.083794157449357e-08,iqp_zz_current_20q_complementary_signed_sqrt,399,4,True,nested_hpo,0.0
0.0,0.25,1,4.796870714067885e-06,iqp_zz_current_20q_complementary_signed_sqrt,399,4,True,nested_hpo,0.0
0.0,0.5,1,0.00010572025963604649,iqp_zz_current_20q_complementary_signed_sqrt,399,4,True,nested_hpo,0.0
0.0,1.0,1,0.0008536203880186387,iqp_zz_current_20q_complementary_signed_sqrt,399,4,True,nested_hpo,0.0
0.0,0.125,2,4.4237346458782835e-07,iqp_zz_current_20q_complementary_signed_sqrt,398,4,True,nested_hpo,0.0
0.0,0.25,2,2.59365132596967e-05,iqp_zz_current_20q_complementary_signed_sqrt,398,4,True,nested_hpo,0.0
0.0,0.5,2,0.0010364887053966412,iqp_zz_current_20q_complementary_signed_sqrt,398,4,True,nested_hpo,0.0
0.0,1.0,2,0.022338166657644126,iqp_zz_current_20q_complementary_signed_sqrt,398,4,True,nested_hpo,0.0
0.0,0.125,3,7.324107531196048e-08,iqp_zz_current_20q_complementary_signed_sqrt,397,4,True,nested_hpo,0.0
0.0,0.25,3,4.8261802508505886e-06,iqp_zz_current_20q_complementary_signed_sqrt,397,4,True,nested_hpo,0.0
0.0,0.5,3,0.00011641290326082968,iqp_zz_current_20q_complementary_signed_sqrt,397,4,True,nested_hpo,0.0
0.0,1.0,3,0.0008142145145992501,iqp_zz_current_20q_complementary_signed_sqrt,397,4,True,nested_hpo,0.0
0.0,0.125,4,6.693558128392767e-08,iqp_zz_current_20q_complementary_signed_sqrt,399,4,True,nested_hpo,0.0
0.0,0.25,4,4.055668472926082e-06,iqp_zz_current_20q_complementary_signed_sqrt,399,4,True,nested_hpo,0.0
0.0,0.5,4,0.00010099612132421616,iqp_zz_current_20q_complementary_signed_sqrt,399,4,True,nested_hpo,0.0
0.0,1.0,4,0.0008470273458282634,iqp_zz_current_20q_complementary_signed_sqrt,399,4,True,nested_hpo,0.0
0.0,0.125,all,4.065336899648113e-08,iqp_zz_current_20q_complementary_signed_sqrt,531,4,True,nested_outer_fit,0.0
0.0,0.125,1,-5.531834241987137e-16,iqp_zz_current_20q_duplicate,429,5,True,nested_hpo,0.0
0.0,0.25,1,-5.201159308133269e-16,iqp_zz_current_20q_duplicate,429,5,True,nested_hpo,0.0
0.0,0.5,1,7.119963604504558e-16,iqp_zz_current_20q_duplicate,429,5,True,nested_hpo,0.0
0.0,1.0,1,2.8401760110430274e-15,iqp_zz_current_20q_duplicate,429,5,True,nested_hpo,0.0
0.0,0.125,2,-1.817423537782008e-16,iqp_zz_current_20q_duplicate,427,5,True,nested_hpo,0.0
0.0,0.25,2,-7.561273719911697e-18,iqp_zz_current_20q_duplicate,427,5,True,nested_hpo,0.0
0.0,0.5,2,-4.661626766994462e-16,iqp_zz_current_20q_duplicate,427,5,True,nested_hpo,0.0
0.0,1.0,2,3.380976054678797e-15,iqp_zz_current_20q_duplicate,427,5,True,nested_hpo,0.0
0.0,0.125,3,3.055708038126332e-08,iqp_zz_current_20q_duplicate,425,5,True,nested_hpo,0.0
0.0,0.25,3,4.487397472286179e-06,iqp_zz_current_20q_duplicate,425,5,True,nested_hpo,0.0
0.0,0.5,3,0.0001455368631076205,iqp_zz_current_20q_duplicate,425,5,True,nested_hpo,0.0
0.0,1.0,3,0.001012392866396382,iqp_zz_current_20q_duplicate,425,5,True,nested_hpo,0.0
0.0,0.125,4,-2.0476274381922836e-16,iqp_zz_current_20q_duplicate,429,5,True,nested_hpo,0.0
0.0,0.25,4,5.1975701983867624e-17,iqp_zz_current_20q_duplicate,429,5,True,nested_hpo,0.0
0.0,0.5,4,6.54684639833647e-15,iqp_zz_current_20q_duplicate,429,5,True,nested_hpo,0.0
0.0,1.0,4,-1.7763568441634786e-15,iqp_zz_current_20q_duplicate,429,5,True,nested_hpo,0.0
0.0,0.125,all,2.3473913125287003e-16,iqp_zz_current_20q_duplicate,570,5,True,nested_outer_fit,0.0
0.0,0.125,1,-1.3373215103148308e-16,iqp_zz_current_20q_complementary_signed_sqrt,429,5,True,nested_hpo,0.0
0.0,0.25,1,2.284756033071572e-16,iqp_zz_current_20q_complementary_signed_sqrt,429,5,True,nested_hpo,0.0
0.0,0.5,1,-7.202518392075179e-17,iqp_zz_current_20q_complementary_signed_sqrt,429,5,True,nested_hpo,0.0
0.0,1.0,1,-2.346569151138596e-15,iqp_zz_current_20q_complementary_signed_sqrt,429,5,True,nested_hpo,0.0
0.0,0.125,2,-2.8032654374220393e-16,iqp_zz_current_20q_complementary_signed_sqrt,427,5,True,nested_hpo,0.0
0.0,0.25,2,-1.4279890518066036e-16,iqp_zz_current_20q_complementary_signed_sqrt,427,5,True,nested_hpo,0.0
0.0,0.5,2,-1.8323198383087388e-16,iqp_zz_current_20q_complementary_signed_sqrt,427,5,True,nested_hpo,0.0
0.0,1.0,2,-3.1086244689543716e-15,iqp_zz_current_20q_complementary_signed_sqrt,427,5,True,nested_hpo,0.0
0.0,0.125,3,1.0930960559501938e-07,iqp_zz_current_20q_complementary_signed_sqrt,425,5,True,nested_hpo,0.0
0.0,0.25,3,6.3507238852874095e-06,iqp_zz_current_20q_complementary_signed_sqrt,425,5,True,nested_hpo,0.0
0.0,0.5,3,0.00012660386613652457,iqp_zz_current_20q_complementary_signed_sqrt,425,5,True,nested_hpo,0.0
0.0,1.0,3,0.0009152382527097486,iqp_zz_current_20q_complementary_signed_sqrt,425,5,True,nested_hpo,0.0
0.0,0.125,4,1.1250961747984429e-15,iqp_zz_current_20q_complementary_signed_sqrt,429,5,True,nested_hpo,0.0
0.0,0.25,4,2.111127109355921e-16,iqp_zz_current_20q_complementary_signed_sqrt,429,5,True,nested_hpo,0.0
0.0,0.5,4,-1.5221870339735114e-17,iqp_zz_current_20q_complementary_signed_sqrt,429,5,True,nested_hpo,0.0
0.0,1.0,4,3.675163710527001e-15,iqp_zz_current_20q_complementary_signed_sqrt,429,5,True,nested_hpo,0.0
0.0,0.125,all,-4.0612043715340703e-17,iqp_zz_current_20q_complementary_signed_sqrt,570,5,True,nested_outer_fit,0.0
