C,INNER_THRESHOLD_MCC,KERNEL_PARAMS,MODEL,ORDER_FEATURES,OUTER_FOLD,SELECTION_SOURCE,THRESHOLD
10.0,0.5571271194121862,"{""feature_scale"": 0.125}",current_order_10q,"[""MolLogP"", ""MolWt"", ""TPSA_SP"", ""NumHDonors"", ""NumRotatableBonds"", ""NumAromaticRings"", ""nHalogen"", ""n_OP"", ""LiPHEX_prediction"", ""sasa002_frac_polar_hetero_only""]",1,inner_OOF_outer_train_only,0.18280098095833888
10.0,0.5479849145894742,"{""feature_scale"": 0.125}",max_synergy_path_10q,"[""MolLogP"", ""n_OP"", ""LiPHEX_prediction"", ""NumRotatableBonds"", ""sasa002_frac_polar_hetero_only"", ""nHalogen"", ""TPSA_SP"", ""MolWt"", ""NumHDonors"", ""NumAromaticRings""]",1,inner_OOF_outer_train_only,-0.08881663729678631
10.0,0.5475651465823785,"{""feature_scale"": 0.125}",stable_synergy_path_10q,"[""NumAromaticRings"", ""NumHDonors"", ""MolWt"", ""LiPHEX_prediction"", ""n_OP"", ""MolLogP"", ""TPSA_SP"", ""NumRotatableBonds"", ""sasa002_frac_polar_hetero_only"", ""nHalogen""]",1,inner_OOF_outer_train_only,0.560328950278032
10.0,0.5519520524278623,"{""feature_scale"": 0.125}",current_order_20q_duplicate,"[""MolLogP"", ""MolWt"", ""TPSA_SP"", ""NumHDonors"", ""NumRotatableBonds"", ""NumAromaticRings"", ""nHalogen"", ""n_OP"", ""LiPHEX_prediction"", ""sasa002_frac_polar_hetero_only""]",1,inner_OOF_outer_train_only,0.8142010192925456
10.0,0.5662073470129398,"{""feature_scale"": 0.125}",current_order_20q_complementary,"[""MolLogP"", ""MolWt"", ""TPSA_SP"", ""NumHDonors"", ""NumRotatableBonds"", ""NumAromaticRings"", ""nHalogen"", ""n_OP"", ""LiPHEX_prediction"", ""sasa002_frac_polar_hetero_only""]",1,inner_OOF_outer_train_only,0.07311033817959534
10.0,0.5564723751116498,"{""feature_scale"": 0.125}",max_synergy_path_20q_duplicate,"[""MolLogP"", ""n_OP"", ""LiPHEX_prediction"", ""NumRotatableBonds"", ""sasa002_frac_polar_hetero_only"", ""nHalogen"", ""TPSA_SP"", ""MolWt"", ""NumHDonors"", ""NumAromaticRings""]",1,inner_OOF_outer_train_only,0.8105939634622257
10.0,0.5642198539457325,"{""feature_scale"": 0.125}",max_synergy_path_20q_complementary,"[""MolLogP"", ""n_OP"", ""LiPHEX_prediction"", ""NumRotatableBonds"", ""sasa002_frac_polar_hetero_only"", ""nHalogen"", ""TPSA_SP"", ""MolWt"", ""NumHDonors"", ""NumAromaticRings""]",1,inner_OOF_outer_train_only,0.4080054981651371
10.0,0.5564723751116498,"{""feature_scale"": 0.125}",stable_synergy_path_20q_duplicate,"[""NumAromaticRings"", ""NumHDonors"", ""MolWt"", ""LiPHEX_prediction"", ""n_OP"", ""MolLogP"", ""TPSA_SP"", ""NumRotatableBonds"", ""sasa002_frac_polar_hetero_only"", ""nHalogen""]",1,inner_OOF_outer_train_only,0.8173759779873051
10.0,0.5664038996840159,"{""feature_scale"": 0.125}",stable_synergy_path_20q_complementary,"[""NumAromaticRings"", ""NumHDonors"", ""MolWt"", ""LiPHEX_prediction"", ""n_OP"", ""MolLogP"", ""TPSA_SP"", ""NumRotatableBonds"", ""sasa002_frac_polar_hetero_only"", ""nHalogen""]",1,inner_OOF_outer_train_only,0.06074136982697806
1.0,0.5026616856907025,"{""feature_scale"": 0.125}",current_order_10q,"[""MolLogP"", ""MolWt"", ""TPSA_SP"", ""NumHDonors"", ""NumRotatableBonds"", ""NumAromaticRings"", ""nHalogen"", ""n_OP"", ""LiPHEX_prediction"", ""sasa002_frac_polar_hetero_only""]",2,inner_OOF_outer_train_only,0.17676950130217128
1.0,0.5026616856907025,"{""feature_scale"": 0.125}",max_synergy_path_10q,"[""NumHDonors"", ""nHalogen"", ""MolWt"", ""n_OP"", ""MolLogP"", ""NumRotatableBonds"", ""LiPHEX_prediction"", ""NumAromaticRings"", ""sasa002_frac_polar_hetero_only"", ""TPSA_SP""]",2,inner_OOF_outer_train_only,0.22073435000744535
1.0,0.49795700070670434,"{""feature_scale"": 0.125}",stable_synergy_path_10q,"[""NumAromaticRings"", ""NumRotatableBonds"", ""LiPHEX_prediction"", ""nHalogen"", ""NumHDonors"", ""MolWt"", ""MolLogP"", ""n_OP"", ""sasa002_frac_polar_hetero_only"", ""TPSA_SP""]",2,inner_OOF_outer_train_only,0.2801990053859124
1.0,0.49568731985231507,"{""feature_scale"": 0.125}",current_order_20q_duplicate,"[""MolLogP"", ""MolWt"", ""TPSA_SP"", ""NumHDonors"", ""NumRotatableBonds"", ""NumAromaticRings"", ""nHalogen"", ""n_OP"", ""LiPHEX_prediction"", ""sasa002_frac_polar_hetero_only""]",2,inner_OOF_outer_train_only,0.6404579946990248
1.0,0.49992669559006553,"{""feature_scale"": 0.125}",current_order_20q_complementary,"[""MolLogP"", ""MolWt"", ""TPSA_SP"", ""NumHDonors"", ""NumRotatableBonds"", ""NumAromaticRings"", ""nHalogen"", ""n_OP"", ""LiPHEX_prediction"", ""sasa002_frac_polar_hetero_only""]",2,inner_OOF_outer_train_only,0.2600255075574885
1.0,0.49568731985231507,"{""feature_scale"": 0.125}",max_synergy_path_20q_duplicate,"[""NumHDonors"", ""nHalogen"", ""MolWt"", ""n_OP"", ""MolLogP"", ""NumRotatableBonds"", ""LiPHEX_prediction"", ""NumAromaticRings"", ""sasa002_frac_polar_hetero_only"", ""TPSA_SP""]",2,inner_OOF_outer_train_only,0.6320677456466927
1.0,0.49992669559006553,"{""feature_scale"": 0.125}",max_synergy_path_20q_complementary,"[""NumHDonors"", ""nHalogen"", ""MolWt"", ""n_OP"", ""MolLogP"", ""NumRotatableBonds"", ""LiPHEX_prediction"", ""NumAromaticRings"", ""sasa002_frac_polar_hetero_only"", ""TPSA_SP""]",2,inner_OOF_outer_train_only,0.25450536880342123
1.0,0.49568731985231507,"{""feature_scale"": 0.125}",stable_synergy_path_20q_duplicate,"[""NumAromaticRings"", ""NumRotatableBonds"", ""LiPHEX_prediction"", ""nHalogen"", ""NumHDonors"", ""MolWt"", ""MolLogP"", ""n_OP"", ""sasa002_frac_polar_hetero_only"", ""TPSA_SP""]",2,inner_OOF_outer_train_only,0.6317287598611753
1.0,0.49992669559006553,"{""feature_scale"": 0.125}",stable_synergy_path_20q_complementary,"[""NumAromaticRings"", ""NumRotatableBonds"", ""LiPHEX_prediction"", ""nHalogen"", ""NumHDonors"", ""MolWt"", ""MolLogP"", ""n_OP"", ""sasa002_frac_polar_hetero_only"", ""TPSA_SP""]",2,inner_OOF_outer_train_only,0.2610328883841728
1.0,0.4781371967809245,"{""feature_scale"": 0.125}",current_order_10q,"[""MolLogP"", ""MolWt"", ""TPSA_SP"", ""NumHDonors"", ""NumRotatableBonds"", ""NumAromaticRings"", ""nHalogen"", ""n_OP"", ""LiPHEX_prediction"", ""sasa002_frac_polar_hetero_only""]",3,inner_OOF_outer_train_only,0.43612686511013943
1.0,0.4669579078845362,"{""feature_scale"": 0.125}",max_synergy_path_10q,"[""TPSA_SP"", ""MolWt"", ""MolLogP"", ""NumHDonors"", ""n_OP"", ""NumRotatableBonds"", ""NumAromaticRings"", ""LiPHEX_prediction"", ""sasa002_frac_polar_hetero_only"", ""nHalogen""]",3,inner_OOF_outer_train_only,0.4162711788379044
1.0,0.4781371967809245,"{""feature_scale"": 0.125}",stable_synergy_path_10q,"[""LiPHEX_prediction"", ""MolLogP"", ""TPSA_SP"", ""NumRotatableBonds"", ""n_OP"", ""NumHDonors"", ""NumAromaticRings"", ""MolWt"", ""nHalogen"", ""sasa002_frac_polar_hetero_only""]",3,inner_OOF_outer_train_only,0.40497528234956337
1.0,0.4655290862984109,"{""feature_scale"": 0.125}",current_order_20q_duplicate,"[""MolLogP"", ""MolWt"", ""TPSA_SP"", ""NumHDonors"", ""NumRotatableBonds"", ""NumAromaticRings"", ""nHalogen"", ""n_OP"", ""LiPHEX_prediction"", ""sasa002_frac_polar_hetero_only""]",3,inner_OOF_outer_train_only,0.5297393622045521
1.0,0.47178360493773047,"{""feature_scale"": 0.125}",current_order_20q_complementary,"[""MolLogP"", ""MolWt"", ""TPSA_SP"", ""NumHDonors"", ""NumRotatableBonds"", ""NumAromaticRings"", ""nHalogen"", ""n_OP"", ""LiPHEX_prediction"", ""sasa002_frac_polar_hetero_only""]",3,inner_OOF_outer_train_only,0.6715404963362874
1.0,0.30997687250532796,"{""feature_scale"": 1.0}",max_synergy_path_20q_duplicate,"[""TPSA_SP"", ""MolWt"", ""MolLogP"", ""NumHDonors"", ""n_OP"", ""NumRotatableBonds"", ""NumAromaticRings"", ""LiPHEX_prediction"", ""sasa002_frac_polar_hetero_only"", ""nHalogen""]",3,inner_OOF_outer_train_only,-0.3189567420190116
1.0,0.47178360493773047,"{""feature_scale"": 0.125}",max_synergy_path_20q_complementary,"[""TPSA_SP"", ""MolWt"", ""MolLogP"", ""NumHDonors"", ""n_OP"", ""NumRotatableBonds"", ""NumAromaticRings"", ""LiPHEX_prediction"", ""sasa002_frac_polar_hetero_only"", ""nHalogen""]",3,inner_OOF_outer_train_only,0.6855000752705901
1.0,0.4703634278059676,"{""feature_scale"": 0.125}",stable_synergy_path_20q_duplicate,"[""LiPHEX_prediction"", ""MolLogP"", ""TPSA_SP"", ""NumRotatableBonds"", ""n_OP"", ""NumHDonors"", ""NumAromaticRings"", ""MolWt"", ""nHalogen"", ""sasa002_frac_polar_hetero_only""]",3,inner_OOF_outer_train_only,0.470530190839309
1.0,0.47178360493773047,"{""feature_scale"": 0.125}",stable_synergy_path_20q_complementary,"[""LiPHEX_prediction"", ""MolLogP"", ""TPSA_SP"", ""NumRotatableBonds"", ""n_OP"", ""NumHDonors"", ""NumAromaticRings"", ""MolWt"", ""nHalogen"", ""sasa002_frac_polar_hetero_only""]",3,inner_OOF_outer_train_only,0.690801375300135
0.1,0.4615100550116057,"{""feature_scale"": 0.5}",current_order_10q,"[""MolLogP"", ""MolWt"", ""TPSA_SP"", ""NumHDonors"", ""NumRotatableBonds"", ""NumAromaticRings"", ""nHalogen"", ""n_OP"", ""LiPHEX_prediction"", ""sasa002_frac_polar_hetero_only""]",4,inner_OOF_outer_train_only,0.06535323416911915
0.1,0.45924424012213244,"{""feature_scale"": 0.5}",max_synergy_path_10q,"[""NumAromaticRings"", ""MolWt"", ""NumHDonors"", ""nHalogen"", ""n_OP"", ""TPSA_SP"", ""NumRotatableBonds"", ""MolLogP"", ""LiPHEX_prediction"", ""sasa002_frac_polar_hetero_only""]",4,inner_OOF_outer_train_only,0.010776100903625348
0.1,0.478078566097431,"{""feature_scale"": 0.5}",stable_synergy_path_10q,"[""NumRotatableBonds"", ""NumAromaticRings"", ""NumHDonors"", ""MolLogP"", ""LiPHEX_prediction"", ""sasa002_frac_polar_hetero_only"", ""MolWt"", ""n_OP"", ""nHalogen"", ""TPSA_SP""]",4,inner_OOF_outer_train_only,0.022624130172189925
1.0,0.47944550184046675,"{""feature_scale"": 0.25}",current_order_20q_duplicate,"[""MolLogP"", ""MolWt"", ""TPSA_SP"", ""NumHDonors"", ""NumRotatableBonds"", ""NumAromaticRings"", ""nHalogen"", ""n_OP"", ""LiPHEX_prediction"", ""sasa002_frac_polar_hetero_only""]",4,inner_OOF_outer_train_only,0.6604132292522435
0.1,0.5050145780257503,"{""feature_scale"": 0.125}",current_order_20q_complementary,"[""MolLogP"", ""MolWt"", ""TPSA_SP"", ""NumHDonors"", ""NumRotatableBonds"", ""NumAromaticRings"", ""nHalogen"", ""n_OP"", ""LiPHEX_prediction"", ""sasa002_frac_polar_hetero_only""]",4,inner_OOF_outer_train_only,-0.042525596571552624
1.0,0.47944550184046675,"{""feature_scale"": 0.25}",max_synergy_path_20q_duplicate,"[""NumAromaticRings"", ""MolWt"", ""NumHDonors"", ""nHalogen"", ""n_OP"", ""TPSA_SP"", ""NumRotatableBonds"", ""MolLogP"", ""LiPHEX_prediction"", ""sasa002_frac_polar_hetero_only""]",4,inner_OOF_outer_train_only,0.6356940650290037
0.1,0.5103098386963497,"{""feature_scale"": 0.125}",max_synergy_path_20q_complementary,"[""NumAromaticRings"", ""MolWt"", ""NumHDonors"", ""nHalogen"", ""n_OP"", ""TPSA_SP"", ""NumRotatableBonds"", ""MolLogP"", ""LiPHEX_prediction"", ""sasa002_frac_polar_hetero_only""]",4,inner_OOF_outer_train_only,-0.0482099391089531
1.0,0.4864248414299833,"{""feature_scale"": 0.25}",stable_synergy_path_20q_duplicate,"[""NumRotatableBonds"", ""NumAromaticRings"", ""NumHDonors"", ""MolLogP"", ""LiPHEX_prediction"", ""sasa002_frac_polar_hetero_only"", ""MolWt"", ""n_OP"", ""nHalogen"", ""TPSA_SP""]",4,inner_OOF_outer_train_only,0.6475494275286016
0.1,0.5050145780257503,"{""feature_scale"": 0.125}",stable_synergy_path_20q_complementary,"[""NumRotatableBonds"", ""NumAromaticRings"", ""NumHDonors"", ""MolLogP"", ""LiPHEX_prediction"", ""sasa002_frac_polar_hetero_only"", ""MolWt"", ""n_OP"", ""nHalogen"", ""TPSA_SP""]",4,inner_OOF_outer_train_only,-0.04013916801593971
1.0,0.47830595973682105,"{""feature_scale"": 0.125}",current_order_10q,"[""MolLogP"", ""MolWt"", ""TPSA_SP"", ""NumHDonors"", ""NumRotatableBonds"", ""NumAromaticRings"", ""nHalogen"", ""n_OP"", ""LiPHEX_prediction"", ""sasa002_frac_polar_hetero_only""]",5,inner_OOF_outer_train_only,0.06879179332259161
1.0,0.48930621261190166,"{""feature_scale"": 0.125}",max_synergy_path_10q,"[""LiPHEX_prediction"", ""NumRotatableBonds"", ""TPSA_SP"", ""NumAromaticRings"", ""nHalogen"", ""MolLogP"", ""n_OP"", ""NumHDonors"", ""sasa002_frac_polar_hetero_only"", ""MolWt""]",5,inner_OOF_outer_train_only,0.07185690070124795
1.0,0.4888666351725969,"{""feature_scale"": 0.125}",stable_synergy_path_10q,"[""LiPHEX_prediction"", ""sasa002_frac_polar_hetero_only"", ""MolWt"", ""n_OP"", ""MolLogP"", ""NumHDonors"", ""NumRotatableBonds"", ""nHalogen"", ""NumAromaticRings"", ""TPSA_SP""]",5,inner_OOF_outer_train_only,0.07914300892053006
1.0,0.467417585248597,"{""feature_scale"": 0.125}",current_order_20q_duplicate,"[""MolLogP"", ""MolWt"", ""TPSA_SP"", ""NumHDonors"", ""NumRotatableBonds"", ""NumAromaticRings"", ""nHalogen"", ""n_OP"", ""LiPHEX_prediction"", ""sasa002_frac_polar_hetero_only""]",5,inner_OOF_outer_train_only,0.35285755194636653
1.0,0.4767764105470726,"{""feature_scale"": 0.125}",current_order_20q_complementary,"[""MolLogP"", ""MolWt"", ""TPSA_SP"", ""NumHDonors"", ""NumRotatableBonds"", ""NumAromaticRings"", ""nHalogen"", ""n_OP"", ""LiPHEX_prediction"", ""sasa002_frac_polar_hetero_only""]",5,inner_OOF_outer_train_only,0.3368541965407621
1.0,0.4675257686005932,"{""feature_scale"": 0.125}",max_synergy_path_20q_duplicate,"[""LiPHEX_prediction"", ""NumRotatableBonds"", ""TPSA_SP"", ""NumAromaticRings"", ""nHalogen"", ""MolLogP"", ""n_OP"", ""NumHDonors"", ""sasa002_frac_polar_hetero_only"", ""MolWt""]",5,inner_OOF_outer_train_only,-0.01435148204074288
1.0,0.4767764105470726,"{""feature_scale"": 0.125}",max_synergy_path_20q_complementary,"[""LiPHEX_prediction"", ""NumRotatableBonds"", ""TPSA_SP"", ""NumAromaticRings"", ""nHalogen"", ""MolLogP"", ""n_OP"", ""NumHDonors"", ""sasa002_frac_polar_hetero_only"", ""MolWt""]",5,inner_OOF_outer_train_only,0.34213880863585755
1.0,0.467417585248597,"{""feature_scale"": 0.125}",stable_synergy_path_20q_duplicate,"[""LiPHEX_prediction"", ""sasa002_frac_polar_hetero_only"", ""MolWt"", ""n_OP"", ""MolLogP"", ""NumHDonors"", ""NumRotatableBonds"", ""nHalogen"", ""NumAromaticRings"", ""TPSA_SP""]",5,inner_OOF_outer_train_only,0.3292424019540965
1.0,0.48103697390684214,"{""feature_scale"": 0.125}",stable_synergy_path_20q_complementary,"[""LiPHEX_prediction"", ""sasa002_frac_polar_hetero_only"", ""MolWt"", ""n_OP"", ""MolLogP"", ""NumHDonors"", ""NumRotatableBonds"", ""nHalogen"", ""NumAromaticRings"", ""TPSA_SP""]",5,inner_OOF_outer_train_only,0.2837710501877285
